variant,ann_return,sharpe,max_drawdown,turnover,ic_test,rankic_test,icir_test,valid_rmse,n_custom
A,0.24751823625277303,0.9429317671295891,-0.19952912431047565,0.4088668820376384,0.035784783646319436,0.04631855896922168,0.5784025526389625,0.1330120969075679,0
B,0.19615926049484367,0.7484493244757667,-0.2791539622352337,0.41850495550559585,0.035051782961714704,0.04876732802363103,0.49581453303268147,0.13292502828516428,7
C,0.10940538021377377,0.4563240007688317,-0.22643455299845783,0.4022669212919713,0.031188621664819904,0.043925740957239424,0.5469523120553347,0.13300005831819953,3
D,0.24751823625277303,0.9429317671295891,-0.19952912431047565,0.4088668820376384,0.035784783646319436,0.04631855896922168,0.5784025526389625,0.1330120969075679,0
E,0.28124992802866333,1.0216526429614279,-0.23510774581686744,0.41736310035809,0.03720387536015601,0.06809333130487571,0.4457388657106675,0.13300729224620803,10
N_count,0.07384518502418946,0.33164600853073606,-0.28643097015630126,0.4152024646709641,0.03013101651845017,0.03898798882007489,0.5045260656875002,0.13305626478199814,2
N_sentiment,0.24751823625277303,0.9429317671295891,-0.19952912431047565,0.4088668820376384,0.035784783646319436,0.04631855896922168,0.5784025526389625,0.1330120969075679,0
N_novelty,0.24751823625277303,0.9429317671295891,-0.19952912431047565,0.4088668820376384,0.035784783646319436,0.04631855896922168,0.5784025526389625,0.1330120969075679,0
N_attention,0.24751823625277303,0.9429317671295891,-0.19952912431047565,0.4088668820376384,0.035784783646319436,0.04631855896922168,0.5784025526389625,0.1330120969075679,0
N_risk,0.26387053594336374,0.9684238174121527,-0.21202869840027938,0.40935623359438245,0.03441296535534849,0.04857474706351838,0.5230074449144116,0.1330055670957108,1
N_eventtype,0.2216164832086034,0.8078581286152057,-0.22755827006386276,0.4124498775146215,0.03274661778483219,0.04809314115369603,0.5112110458261913,0.13302043771346195,1
N_llm,0.24751823625277303,0.9429317671295891,-0.19952912431047565,0.4088668820376384,0.035784783646319436,0.04631855896922168,0.5784025526389625,0.1330120969075679,0
N_rule_all,0.10940538021377377,0.4563240007688317,-0.22643455299845783,0.4022669212919713,0.031188621664819904,0.043925740957239424,0.5469523120553347,0.13300005831819953,3
N_combined,0.10940538021377377,0.4563240007688317,-0.22643455299845783,0.4022669212919713,0.031188621664819904,0.043925740957239424,0.5469523120553347,0.13300005831819953,3
