factor,research_ic,research_icir,incremental_ic,incremental_rank_ic,incremental_icir,residual_ic,residual_icir,positive_fold_ratio,positive_month_ratio,bootstrap_ci_low,bootstrap_ci_high,iid_ci_low,iid_ci_high,max_corr_existing,r2_existing,prediction_corr,prediction_delta,topk_turnover,coverage,turnover,evidence_score,gates_passed,status
limit_up_count_20,-0.086825103097832,-0.733145540595776,-0.00017634922076696394,-0.0002560840517786305,-0.0035810748922699654,-0.002147675456364562,-0.045344392008309885,0.5,0.5227272727272727,-0.014551178423602311,0.01568879322168684,-0.015569207708594981,0.013483599783489982,0.5992655828820893,0.7286480599720638,0.6597130007263828,0.5820852345066546,0.6988636363636364,1.0,0.8439220892084301,0.19585014616801452,6,REJECT
max_return_20,-0.09162974142576563,-0.6228323575180604,0.00010856964543286164,-0.0005373423713915509,0.007326934723874216,0.00019708095349487133,0.004537150990621983,0.5,0.5227272727272727,-0.004749635163857966,0.0044964300642327025,-0.0044349211570503,0.004238371174579701,0.903021906944434,0.9709162546197384,0.9024999332198471,0.2986603408725545,0.4,1.0,0.8328980928336336,0.17988904661030802,6,REJECT
parkinson_vol_20,-0.09831451793346717,-0.535809331899799,0.0005489115096556221,0.000381094984601978,0.03625213625508416,-0.026300490307239906,-0.4130724393553187,0.5,0.5227272727272727,-0.003831615734161771,0.0047659591709273245,-0.003639960709061011,0.005045712556079212,0.9121122496969643,0.9542976886419823,0.8975872251782047,0.3092105144630051,0.43181818181818177,0.9970094727642302,0.7381772157614818,0.20885898303599193,8,REJECT
momentum_20,-0.06951593752776981,-0.5013895618228306,0.0020284461677182986,0.0027863519361447917,0.15247434449655847,0.008016992159590295,0.05704881797476264,0.5,0.5,-0.002176577192157601,0.006083339847500082,-0.001831796472063058,0.005705748516607471,1.0,1.0,0.9072035710026828,0.2916779705452497,0.4000000000000001,0.9866769598262639,0.8985473146000854,0.34224291938163226,8,REJECT
price_vs_ma60,-0.07346199820591197,-0.4669226374660355,-0.0015115199540248056,-0.0012470804630382022,-0.09957705093019706,0.0030145062781805304,0.02132829429395807,0.5,0.4318181818181818,-0.005877513576214644,0.003448624542506488,-0.00616575477598281,0.0028442274499328544,0.8022304840496766,0.9999999978351556,0.8951428061667507,0.3112336309917222,0.4397727272727273,0.9440088898111471,0.7823460657649502,0.16678829457395375,6,REJECT
volatility_60,-0.08481388734560014,-0.4611787453982796,-0.0015186912157721345,0.00033254938418109353,-0.10346969537298074,-0.023369387614475726,-0.3910056780379512,0.25,0.45454545454545453,-0.0065818143131893695,0.0033343555727828864,-0.005664405549396606,0.002955307705163874,0.8076164778147797,0.9409472790471638,0.8907641752340467,0.3189486299705939,0.4352272727272728,0.9433146875417945,0.5576984489695179,0.15612548287319022,6,REJECT
gap_count_20,0.014683809528223889,0.38224227891976625,0.01495742971902627,0.014733292303231877,0.18038076513622348,-0.006611389606070069,-0.1448007220317879,0.75,0.5,-0.009634120194324617,0.0392194213989231,-0.009425549320799774,0.03874581856386418,0.02249800824551062,0.2748768226305906,0.39755434200202144,0.7979817523298334,0.8613636363636362,1.0,0.31785871142654204,0.46046378427418605,9,PASS
price_vs_ma120,-0.05562146077148538,-0.3582339968737565,-0.002000550137547946,-0.0011471749644036606,-0.11518229973696911,0.00014310088254681843,0.0018931669425137705,0.25,0.5,-0.007771895321384735,0.0036523210977289617,-0.007091380025321443,0.003469124393461188,0.8777494032858635,0.9281402689033994,0.8885491010884434,0.3225088238745946,0.44431818181818183,0.9031497541631678,0.6676779679112738,0.1460270438115541,4,REJECT
downside_volatility_60,-0.06733175185908602,-0.3561839123710251,0.00044639029024130973,0.0011972540476910998,0.028939400154084576,-0.01776461814344541,-0.3108682535553219,0.75,0.4772727272727273,-0.004307396214045528,0.004931981185879422,-0.0038269589869502378,0.005263544161908116,0.707851889371781,0.9235576287824195,0.8869449512210562,0.32451638297187835,0.4340909090909091,1.0,0.5651407846746024,0.26697086420943433,9,PASS
volume_price_corr_20,-0.02764109576284923,-0.3150977940947585,0.001577890523880107,0.001496288086604225,0.09743498323555033,-0.006960014469587458,-0.1615664342828734,0.75,0.45454545454545453,-0.004108134770246128,0.0068833810487768906,-0.0029792195781284778,0.006351741594733689,0.4543361086396026,0.8062059369496816,0.8991124792522103,0.30402009524396334,0.42613636363636365,0.9907710485340934,0.8952789107681942,0.3179368019344799,9,PASS
limit_down_count_20,-0.032252269495861886,-0.29506967168617193,0.0026442145870861264,0.002247144284243448,0.033932980669273104,0.010697585963716694,0.18021111909055484,0.75,0.5454545454545454,-0.017279256562142374,0.01751913520706393,-0.022029390371231007,0.023416415949524195,0.38073193273613765,0.5859011533305072,0.6273053088611378,0.6054917952914901,0.6863636363636364,1.0,0.7624861751348891,0.2727703634519881,9,PASS
kurtosis_60,0.02724435374508181,0.26407233561881993,-0.0029990980628222547,-0.0027101702561888106,-0.18390360446219703,0.0030106638298932694,0.06974459500665389,0.25,0.4318181818181818,-0.008012130137116996,0.0016309737468722376,-0.00817299944911176,0.0018441874261947082,0.12398785373072005,0.7869465107506286,0.9088466854780789,0.2886655832785245,0.3886363636363636,1.0,0.7101187315799214,0.1515554729357705,5,REJECT
amihud_20,-0.033985198215461636,-0.2006270148096036,0.0031476083109434924,0.0019220034872695876,0.1965347690498476,-0.00338340061899741,-0.0631201703161709,0.5,0.6136363636363636,-0.0018672679863596057,0.007961927794200381,-0.0018470517943639964,0.007788556705260144,0.918514394130187,0.9616921919517912,0.9029146622674553,0.2985821815125281,0.38522727272727275,0.9970094727642302,0.803917046230372,0.37079321260347303,8,REJECT
momentum_120,-0.022592762165006833,-0.13799839856439816,0.0007850268336307919,0.0018957955254573472,0.03975932389017726,0.0025210936504939446,0.026570263119418378,0.75,0.5454545454545454,-0.005092337607109005,0.007001147634104292,-0.005061094515104013,0.006737122282087838,0.6316033717674167,0.7516429278331941,0.8824395886485346,0.3302051831263958,0.44431818181818183,0.9733927190234919,0.5499752873570585,0.30023188714235777,9,PASS
skewness_60,-0.006756951889779514,-0.09431176992487804,0.001661079503052061,0.0023773947619123133,0.11962674204029969,-0.0010499382038829436,-0.021664341746084816,0.5,0.4772727272727273,-0.0031680598748798855,0.006774037253170165,-0.002217287078011073,0.005934027385779132,0.2901184190682477,0.6906856816686137,0.9105797547025436,0.28642605976410307,0.35000000000000003,1.0,0.7210322147690404,0.31984163976342855,9,PASS
high_52w_proximity,0.009802874946484427,0.05850893477314913,0.0020770680085298618,0.003713497563079975,0.09288019473304045,0.022132742661960005,0.307988033661339,0.75,0.6136363636363636,-0.003921959777890946,0.00854564234751951,-0.004445757915977312,0.008476773589040544,0.5946858543647693,0.7631365156902792,0.8659697116595494,0.3548836566975312,0.4920454545454545,0.9892773717843384,0.6704032194090811,0.40499408495189404,9,PASS
amount_60,0.005915031675216426,0.043518658086060896,0.0006151450008971943,0.0013109700187537167,0.04457619421225584,0.0014130552220584412,0.02389410679203864,0.5,0.6136363636363636,-0.003937151824989612,0.005174617605633062,-0.003421174437225839,0.004814279958240406,0.9544134229460737,0.9804830961609163,0.9041191994402253,0.297768565498934,0.4034090909090909,0.9440088898111471,0.2680707926473601,0.26832042844685894,8,REJECT
overnight_intraday_ratio_20,-0.0031523319759714542,-0.03410288869253404,-0.003345251564812905,-0.003485040254491747,-0.22026749587076586,-0.011947365558930516,-0.24720337319552518,0.5,0.38636363636363635,-0.00862851030074942,0.0016709111424362422,-0.007715227112418124,0.0013248003001828188,0.1595052424780427,0.4308274734849572,0.9077353865769564,0.2907877876096452,0.3840909090909091,0.9952295499403604,0.37362899890906554,0.22171586579393157,6,REJECT
overnight_return_20,-0.0029572377197060553,-0.03195463187250429,0.001035994165850875,0.0012914458180624394,0.06585514295878092,-0.01196669086421322,-0.24771979138071884,0.75,0.5454545454545454,-0.004528821974642424,0.00614810205579108,-0.00367586489931141,0.00572847264851951,0.15905960624686138,0.4308402663346503,0.9076864686696381,0.290775788751486,0.38977272727272727,0.9952295499403604,0.37330480839122976,0.3375827753380538,9,PASS
intraday_return_20,0.0023617102228216023,0.025546661587490263,0.000780062694226395,-0.0002858819562959523,0.04797245508011173,0.008753328708980879,0.18468808899668768,0.5,0.4318181818181818,-0.004370555525137699,0.006395289571624829,-0.0036325339259052473,0.005815246401195392,0.15765213508716402,0.4305468691687283,0.9068426093583641,0.2915719949768989,0.39318181818181824,0.9970094727642302,0.24753306776634504,0.2504754893394883,7,REJECT
