event_id,document_id,symbol,event_type,publication_time,availability_time,availability_unknown,event_time,direction,importance,sentiment,confidence,novelty,financial_impact,risk,extraction_method,extraction_model,extraction_version
2308e5bdf5cf18a92e734f4f,szse-248723e2a6d33a8598b4d441,000166.SZ,other,2021-08-26 20:11:51+08:00,2021-08-27 09:30:00+08:00,False,,neutral,0.15,,0.3,0.0,,,rule,,1.0
e797a83bc8b95d72bb767120,sse-519462491b794a8a3986ffc1,603712.SH,earnings,2025-10-29 16:38:40+08:00,2025-10-30 09:30:00+08:00,False,,neutral,0.55,,0.7,1.0,,,rule,,1.0
9a54c8d21f2daff60db74388,szse-ef25a4293304b4937c83a42d,001289.SZ,m_and_a,2026-06-27 00:00:00+08:00,2026-06-29 09:30:00+08:00,False,,positive,0.7,,0.7,0.705825797292724,,,rule,,1.0
779be3cdc38055e1f858bb72,sse-fad3916e77c00d6fcdc57fd8,601567.SH,earnings,2024-08-22 17:12:22+08:00,2024-08-23 09:30:00+08:00,False,,neutral,0.55,,0.7,0.06905066374873725,,,rule,,1.0
841d12b44c9c53975e92708f,szse-5bddd21c8cdcf80e4ca5fa5f,002460.SZ,unpledge,2024-12-24 00:00:00+08:00,2024-12-25 09:30:00+08:00,False,,positive,0.4,,0.7,0.6584349744680134,,,rule,,1.0
a182871858b5206a6fe5242b,szse-e3950c00389a6d9057d66091,002353.SZ,financing,2018-04-04 00:00:00+08:00,2018-04-09 09:30:00+08:00,False,,neutral,0.6,,0.7,0.6576316059912697,,,rule,,1.0
d0252fbe13b332952f04d005,szse-b27b85901fd48e88da8fcc9e,002050.SZ,financing,2022-03-25 00:00:00+08:00,2022-03-28 09:30:00+08:00,False,,neutral,0.6,,0.7,0.6665135155750421,,,rule,,1.0
3c19ff79ad1a3cc276a221d9,szse-2aea2f674461d30c1d9197cd,002050.SZ,guidance,2024-05-16 00:00:00+08:00,2024-05-17 09:30:00+08:00,False,,neutral,0.3,,0.7,0.49604736932103033,,,rule,,1.0
7ba90be9c27769ed9669d171,szse-7a7b4f7e7c53bf324b629eab,000958.SZ,earnings,2026-04-24 00:00:00+08:00,2026-04-27 09:30:00+08:00,False,,neutral,0.55,,0.7,0.07417990022744847,,,rule,,1.0
6ab8bc0849cbbd39c272859a,sse-3231a920a9f309ac0296b096,688489.SH,earnings,2023-08-24 16:49:40+08:00,2023-08-25 09:30:00+08:00,False,,neutral,0.55,,0.7,0.09546596626670911,,,rule,,1.0
dffa6a775486eb71122bfb11,sse-abbd8f036c99a2afe9a19840,600370.SH,earnings,2025-04-28 19:38:06+08:00,2025-04-29 09:30:00+08:00,False,,neutral,0.55,,0.7,1.0,,,rule,,1.0
89e28ea84d57e662ddc9902d,szse-aaaa13ae1f66526d5ce27950,002460.SZ,other,2023-06-08 00:00:00+08:00,2023-06-09 09:30:00+08:00,False,,neutral,0.15,,0.3,0.23197542282028916,,,rule,,1.0
cd84a75b872ceae9e2c9a0a9,szse-fd6d28d3d3b2371413594f0f,002281.SZ,earnings,2019-10-26 00:00:00+08:00,2019-10-28 09:30:00+08:00,False,,neutral,0.55,,0.7,0.125,,,rule,,1.0
047370bec6ebaef60de3ca7b,szse-97fe51962562a145e86315c5,000657.SZ,other,2021-05-10 00:00:00+08:00,2021-05-11 09:30:00+08:00,False,,neutral,0.15,,0.3,0.716930741463851,,,rule,,1.0
67e340733c8d5895634b6cd1,szse-f24dd1b0e48cf108db3603d3,300014.SZ,management_change,2022-10-31 21:12:24+08:00,2022-11-01 09:30:00+08:00,False,,neutral,0.5,,0.7,0.17804705662435727,,,rule,,1.0
8df356eea801f7264a8bd5d6,szse-20d06bc410cd12a9be37cdb6,002594.SZ,unpledge,2021-05-29 00:00:00+08:00,2021-05-31 09:30:00+08:00,False,,positive,0.4,,0.7,0.08609230623258635,,,rule,,1.0
1f52a8b5012639f621ce915c,sse-c58e32a6322f40db0fbf10eb,601369.SH,earnings,2020-08-27 16:26:06+08:00,2020-08-28 09:30:00+08:00,False,,neutral,0.55,,0.7,0.07417990022744847,,,rule,,1.0
1e85a556088929956d1014d1,szse-d5ace2dfb0a87bda2d7d43a0,300274.SZ,pledge,2024-05-31 17:52:15+08:00,2024-06-03 09:30:00+08:00,False,,negative,0.55,,0.7,0.0,,,rule,,1.0
dae8473c3faa4a920ddd3a38,szse-958923bd294ff82c3c85156a,002938.SZ,other,2021-01-26 00:00:00+08:00,2021-01-27 09:30:00+08:00,False,,neutral,0.15,,0.3,0.3444377186247636,,,rule,,1.0
018d3052d547af33537c8fc0,szse-ea6d392d0b8d3ed39b6c54da,002379.SZ,asset_purchase,2026-01-05 00:00:00+08:00,2026-01-06 09:30:00+08:00,False,,neutral,0.5,,0.7,0.1970449314530337,,,rule,,1.0
1be2c3b6b65f6e95dcfd74b8,szse-f7d7c02ea33b198b2bc557a0,002415.SZ,pledge,2018-09-15 00:00:00+08:00,2018-09-17 09:30:00+08:00,False,,negative,0.55,,0.7,0.0,,,rule,,1.0
7bf56f7284a493f3dcc2b933,sse-850be1671e50fd03772990e9,688087.SH,earnings,2026-08-25 17:49:06+08:00,2026-08-26 09:30:00+08:00,False,,neutral,0.55,,0.7,0.04446691409409076,,,rule,,1.0
1ed9980b27a1fc05c395c468,sse-70f31ab613d367692867cd5b,688288.SH,earnings,2026-08-27 17:54:23+08:00,2026-08-28 09:30:00+08:00,False,,neutral,0.55,,0.7,0.06905066374873725,,,rule,,1.0
e25adb09967a847273a61e75,szse-fa40ffeeb7520811c26b3923,000977.SZ,other,2020-05-21 00:00:00+08:00,2020-05-22 09:30:00+08:00,False,,neutral,0.15,,0.3,0.7096183965437489,,,rule,,1.0
2c720a400c5969eb71d3d73a,szse-6f0e10deedbf7bf767071260,300308.SZ,other,2020-04-24 00:00:00+08:00,2020-04-27 09:30:00+08:00,False,,neutral,0.15,,0.3,0.6445906733445446,,,rule,,1.0
4ffca8b2bd2b33892fa2f7e5,sse-78196c88e040e769360daccf,600935.SH,earnings,2024-04-25 19:18:50+08:00,2024-04-26 09:30:00+08:00,False,,neutral,0.55,,0.7,1.0,,,rule,,1.0
4a7989a6941532dc7ee00d80,szse-70ab0c936c5dccc7a7acbbac,000938.SZ,other,2018-04-09 00:00:00+08:00,2018-04-10 09:30:00+08:00,False,,neutral,0.15,,0.3,0.07926311562074884,,,rule,,1.0
1527cb113513112c734dbf55,sse-e64d76350e2d762daf4e3d62,601689.SH,earnings,2023-04-17 19:23:48+08:00,2023-04-18 09:30:00+08:00,False,,neutral,0.55,,0.7,1.0,,,rule,,1.0
7b4bd215146f4d5957cb6368,sse-784de2d9c5492bb7421aa23f,603366.SH,earnings,2020-08-26 16:09:32+08:00,2020-08-27 09:30:00+08:00,False,,neutral,0.55,,0.7,1.0,,,rule,,1.0
50bc9efa4d22ba6bc08808bc,sse-373059180ba95c3c2c5058f6,601877.SH,earnings,2020-04-28 19:40:35+08:00,2020-04-29 09:30:00+08:00,False,,neutral,0.55,,0.7,0.06905066374873725,,,rule,,1.0
91a32d32fb87711b42260019,szse-9176655a6d39fa805ff7ffcd,300308.SZ,other,2021-09-28 00:00:00+08:00,2021-09-29 09:30:00+08:00,False,,neutral,0.15,,0.3,0.421648255176194,,,rule,,1.0
e1735bad677e8aea1c63d09c,szse-e5585c0945beb85574c96796,300750.SZ,other,2021-10-27 00:00:00+08:00,2021-10-28 09:30:00+08:00,False,,neutral,0.15,,0.3,0.10618064270331384,,,rule,,1.0
96056f27f631db89a7460335,szse-d5684dd40bb409b4fec45da1,002028.SZ,management_change,2025-04-19 00:00:00+08:00,2025-04-21 09:30:00+08:00,False,,neutral,0.5,,0.7,0.564714249933993,,,rule,,1.0
c2a4bab4db7971ae89d988ac,szse-e8546885239dd6636e214649,002050.SZ,other,2025-11-01 00:00:00+08:00,2025-11-03 09:30:00+08:00,False,,neutral,0.15,,0.3,0.3066247547184635,,,rule,,1.0
dd69999bbffc909d83fa86f1,sse-8b550d56638ae3f660356a5e,605365.SH,earnings,2022-04-25 17:42:00+08:00,2022-04-26 09:30:00+08:00,False,,neutral,0.55,,0.7,0.5527864045000421,,,rule,,1.0
7720cedec072dbc76ca7b367,szse-733769d77344ed5b897e4df3,002415.SZ,other,2024-04-20 00:00:00+08:00,2024-04-22 09:30:00+08:00,False,,neutral,0.15,,0.3,0.15133157520849438,,,rule,,1.0
3cc7ed4c956d0702697c7296,sse-f0d9e6195f6206aa4098ab12,603766.SH,earnings,2018-04-03 20:28:10+08:00,2018-04-04 09:30:00+08:00,False,,neutral,0.55,,0.7,0.07417990022744847,,,rule,,1.0
5089afdd278e88ef6bb7e131,sse-ffa5bae3f7ce5bd5599db215,600132.SH,earnings,2022-10-27 15:39:55+08:00,2022-10-28 09:30:00+08:00,False,,neutral,0.55,,0.7,1.0,,,rule,,1.0
bed07f16f3d730a84e333da7,szse-722e3127666042aa8003c81c,300433.SZ,financing,2020-07-01 07:44:04+08:00,2020-07-01 07:44:04+08:00,False,,neutral,0.6,,0.7,0.4654775161751512,,,rule,,1.0
b1347f6972d69311f0c80ce7,sse-93c852d4f27e33515532ce64,688759.SH,earnings,2026-08-24 18:17:13+08:00,2026-08-25 09:30:00+08:00,False,,neutral,0.55,,0.7,0.09546596626670911,,,rule,,1.0
ef4eb5840e0c7f429444b17a,szse-765e249e5e2c85b6169174f4,000333.SZ,other,2024-03-28 00:00:00+08:00,2024-03-29 09:30:00+08:00,False,,neutral,0.15,,0.3,0.6445906733445446,,,rule,,1.0
f5d0bde3ed4f1d905dad120a,szse-cacbd242ea8eda278ea210b3,300014.SZ,other,2025-02-07 17:16:14+08:00,2025-02-10 09:30:00+08:00,False,,neutral,0.15,,0.3,0.5407206732281541,,,rule,,1.0
7348c7143e63ed4b7aa1f63b,sse-6ca8e91f001c1ed5198d9027,603739.SH,earnings,2026-08-27 16:08:46+08:00,2026-08-28 09:30:00+08:00,False,,neutral,0.55,,0.7,0.04446691409409076,,,rule,,1.0
a437ba85597b159f8f91762c,sse-33874650e94da1d3565e75c6,603897.SH,earnings,2026-08-11 15:45:32+08:00,2026-08-12 09:30:00+08:00,False,,neutral,0.55,,0.7,1.0,,,rule,,1.0
5fcbea788cb5036cd5d975a8,sse-adadec1f56bfcacbaaef99ac,600858.SH,earnings,2021-08-24 17:41:21+08:00,2021-08-25 09:30:00+08:00,False,,neutral,0.55,,0.7,1.0,,,rule,,1.0
88d921dab99b632a8fcb5483,sse-a652fb633ab56c096226e725,603773.SH,earnings,2024-08-19 17:13:09+08:00,2024-08-20 09:30:00+08:00,False,,neutral,0.55,,0.7,1.0,,,rule,,1.0
2720946e45afc9dd13e0f08d,szse-a1e9497e27ab2ee34d4257ff,000333.SZ,earnings,2019-04-30 00:00:00+08:00,2019-05-06 09:30:00+08:00,False,,neutral,0.55,,0.7,0.42264973081037416,,,rule,,1.0
9d9ebc7107b294e9bed553f7,sse-1b8f8d3c2f4627c7677c1c89,603155.SH,earnings,2022-03-30 17:09:07+08:00,2022-03-31 09:30:00+08:00,False,,neutral,0.55,,0.7,1.0,,,rule,,1.0
88ef749dfa7d508f01774f95,szse-9f46421adc4ee143b8de6109,002714.SZ,share_buyback,2021-01-29 00:00:00+08:00,2021-02-01 09:30:00+08:00,False,,positive,0.5,,0.7,0.1989981210851859,,,rule,,1.0
3c36ac7be62444c92d205cdb,sse-ad06e953d1d47d2ab365051f,600705.SH,earnings,2018-04-09 17:59:50+08:00,2018-04-10 09:30:00+08:00,False,,neutral,0.55,,0.7,0.38278660015163224,,,rule,,1.0
006c3576b06bcd544f0664b1,szse-dee843e4d9e927a1e84275bb,002050.SZ,other,2023-12-29 00:00:00+08:00,2024-01-02 09:30:00+08:00,False,,neutral,0.15,,0.3,0.5590414481559016,,,rule,,1.0
11c569ec17e40a3581c0c761,sse-5770912301452a5f1e021af1,603212.SH,earnings,2024-04-29 19:51:31+08:00,2024-04-30 09:30:00+08:00,False,,neutral,0.55,,0.7,0.5527864045000421,,,rule,,1.0
05454ddc5044aa254cd58155,sse-9f7d27b1c2bb79a98b99aa16,603061.SH,earnings,2023-04-25 16:53:26+08:00,2023-04-26 09:30:00+08:00,False,,neutral,0.55,,0.7,1.0,,,rule,,1.0
b55218cd1035de93b255852f,sse-700d8cf18b3a40dcaf40db46,688663.SH,earnings,2023-08-24 18:11:05+08:00,2023-08-25 09:30:00+08:00,False,,neutral,0.55,,0.7,1.0,,,rule,,1.0
43b5d6e94246f7aa4fa06be6,szse-0d6e7c00bdc710bfb9ae9e0e,300604.SZ,management_change,2020-04-28 00:00:00+08:00,2020-04-29 09:30:00+08:00,False,,neutral,0.5,,0.7,0.42264973081037427,,,rule,,1.0
2a1d5dd930a9329a465550b0,szse-6eca68581f52bc2e1353c493,002938.SZ,earnings,2019-10-31 00:00:00+08:00,2019-11-01 09:30:00+08:00,False,,neutral,0.55,,0.7,0.125,,,rule,,1.0
3ec00a66e2876df842287819,szse-a279c77482c7c99c7fe95331,301308.SZ,other,2023-11-28 20:12:26+08:00,2023-11-29 09:30:00+08:00,False,,neutral,0.15,,0.3,0.1000000000000002,,,rule,,1.0
2f7e7c86771568266e74ef17,szse-27f8e7adccd9a9b2cdd654b3,002600.SZ,other,2024-12-24 00:00:00+08:00,2024-12-25 09:30:00+08:00,False,,neutral,0.15,,0.3,0.4460882905930026,,,rule,,1.0
147ffcf86cbeb9d5dae23fcf,szse-5015af97a2dbbd9773804dd1,000568.SZ,earnings,2026-04-29 00:00:00+08:00,2026-04-30 09:30:00+08:00,False,,neutral,0.55,,0.7,0.07417990022744847,,,rule,,1.0
0698c064caa3b5030dbdef8e,sse-0a31872872cf6f365c75d65e,603086.SH,earnings,2023-04-25 17:42:53+08:00,2023-04-26 09:30:00+08:00,False,,neutral,0.55,,0.7,1.0,,,rule,,1.0
6a001515767a1bc6f1a015b5,szse-f8cbcb8f1b98df060e522df2,002736.SZ,earnings,2024-08-24 00:00:00+08:00,2024-08-26 09:30:00+08:00,False,,neutral,0.55,,0.7,0.15384615384615374,,,rule,,1.0
b042609a4b0a7760fe6677df,szse-6bb37e6694d93d350a6feb95,000063.SZ,other,2026-06-30 00:00:00+08:00,2026-07-01 09:30:00+08:00,False,,neutral,0.15,,0.3,0.0,,,rule,,1.0
12efccc53ff18a97e93d963c,szse-7e2f419c47fbbb702570029b,000988.SZ,other,2023-12-22 00:00:00+08:00,2023-12-25 09:30:00+08:00,False,,neutral,0.15,,0.3,0.33486696008669525,,,rule,,1.0
b146753d29363ad88ce0d2d8,szse-ed520bcbf41d6a25195ea0d9,002602.SZ,other,2018-05-29 00:00:00+08:00,2018-05-30 09:30:00+08:00,False,,neutral,0.15,,0.3,0.3868606605150343,,,rule,,1.0
f2dffa720936321b90464a2e,sse-0cba1f4ec969d0d13df5e142,688192.SH,earnings,2023-08-29 17:41:33+08:00,2023-08-30 09:30:00+08:00,False,,neutral,0.55,,0.7,1.0,,,rule,,1.0
1e72651ad3ef75f1bdc8ae65,sse-024cc3234911bfbb2416bea3,688389.SH,earnings,2023-08-24 17:53:34+08:00,2023-08-25 09:30:00+08:00,False,,neutral,0.55,,0.7,0.04446691409409076,,,rule,,1.0
870b7b4d0d9835e5904e0921,szse-1056fb6e474fc60bb73ab0b2,000063.SZ,other,2022-09-23 00:00:00+08:00,2022-09-26 09:30:00+08:00,False,,neutral,0.15,,0.3,0.2222222222222221,,,rule,,1.0
e54a16ea342d56bbbd01af9b,szse-014b35cd7956f7cf5bcd33c6,002714.SZ,other,2024-12-13 00:00:00+08:00,2024-12-16 09:30:00+08:00,False,,neutral,0.15,,0.3,0.22145290672477402,,,rule,,1.0
deb7eacb7e7c584c4f0a503b,sse-8108a7f88a5a0c95cac79bda,603201.SH,earnings,2023-04-10 17:11:24+08:00,2023-04-11 09:30:00+08:00,False,,neutral,0.55,,0.7,1.0,,,rule,,1.0
19f74950f3b419ed62e0c06b,sse-75e5bc905648262c72febfd4,688268.SH,earnings,2023-10-26 18:17:51+08:00,2023-10-27 09:30:00+08:00,False,,neutral,0.55,,0.7,1.0,,,rule,,1.0
21eb4598ecfc1c6a738bba1f,sse-aa8b6e00990d0a1245a52a42,688519.SH,earnings,2021-04-26 19:21:04+08:00,2021-04-27 09:30:00+08:00,False,,neutral,0.55,,0.7,0.06458565330651467,,,rule,,1.0
7eb134e7478bac6ebea0348a,sse-52ebdf90deb2be190cfef2cf,603995.SH,earnings,2020-10-22 16:59:55+08:00,2020-10-23 09:30:00+08:00,False,,neutral,0.55,,0.7,0.18181818181818177,,,rule,,1.0
61bad1b407956eb0edf4c5bb,sse-d107de6961fd256a9f1baea3,603681.SH,earnings,2022-04-28 17:53:23+08:00,2022-04-29 09:30:00+08:00,False,,neutral,0.55,,0.7,0.17804705662435727,,,rule,,1.0
9ec5fcb2c28659b92e18fcd8,szse-ce637367f646faca587b805f,000776.SZ,refinancing,2026-04-15 18:28:09+08:00,2026-04-16 09:30:00+08:00,False,,neutral,0.5,,0.7,0.0819154412768156,,,rule,,1.0
5e8c542b8a1944e4c6bcc195,szse-91a18f2543712ad4caf06343,002916.SZ,management_change,2021-03-13 00:00:00+08:00,2021-03-15 09:30:00+08:00,False,,neutral,0.5,,0.7,0.17192132878917488,,,rule,,1.0
681928cb6745984c7b1a2e1b,sse-7fd46c2fb2dbd111f76d611c,605050.SH,earnings,2024-08-29 17:19:43+08:00,2024-08-30 09:30:00+08:00,False,,neutral,0.55,,0.7,1.0,,,rule,,1.0
1e5338159330fb7661e68137,szse-12d78bd8c4290a6d969d0d7b,000001.SZ,other,2018-03-15 00:00:00+08:00,2018-03-16 09:30:00+08:00,False,,neutral,0.15,,0.3,0.3426507572022679,,,rule,,1.0
36ac3cdd3a8c6190cab241e5,sse-13d894a75f93cffe47c8efac,688388.SH,earnings,2020-03-30 23:07:10+08:00,2020-03-31 09:30:00+08:00,False,,neutral,0.55,,0.7,0.07417990022744847,,,rule,,1.0
03aab42f33564499cde6a2e5,sse-27fe09af3c29fbcf7953e60e,605300.SH,earnings,2021-08-24 18:32:55+08:00,2021-08-25 09:30:00+08:00,False,,neutral,0.55,,0.7,1.0,,,rule,,1.0
12933550bf74787ebd431b80,sse-0403879dd34e15eec1dad30e,600552.SH,earnings,2019-10-29 15:34:32+08:00,2019-10-30 09:30:00+08:00,False,,neutral,0.55,,0.7,1.0,,,rule,,1.0
565b77febe40aa95cc92f793,szse-45be373f2f014c073dfdeb72,000938.SZ,other,2025-08-30 00:00:00+08:00,2025-09-01 09:30:00+08:00,False,,neutral,0.15,,0.3,0.14066215115268055,,,rule,,1.0
8bfd734f55cf095e2f34b80c,sse-34d70a598f5430d1180395b5,603611.SH,earnings,2021-04-29 15:30:35+08:00,2021-04-30 09:30:00+08:00,False,,neutral,0.55,,0.7,0.06458565330651467,,,rule,,1.0
a6060c62be7dc713f9683097,szse-1c14c074e8850c2f66749c44,002460.SZ,other,2022-11-05 00:00:00+08:00,2022-11-07 09:30:00+08:00,False,,neutral,0.15,,0.3,0.0,,,rule,,1.0
34da46983e022d222aa5cc4a,szse-213afcb4e1f17113dccc39e9,301200.SZ,other,2025-04-30 00:00:00+08:00,2025-05-06 09:30:00+08:00,False,,neutral,0.15,,0.3,0.3007479078529024,,,rule,,1.0
480ec5d94994e9c04c9818a2,sse-af0debe9f0f62eafeadc7c94,603107.SH,earnings,2025-04-21 17:02:43+08:00,2025-04-22 09:30:00+08:00,False,,neutral,0.55,,0.7,1.0,,,rule,,1.0
e0d43b513d34f8a977d01c97,sse-9e5bdf347bdd9bf0b9fd1338,688337.SH,earnings,2025-03-31 18:25:32+08:00,2025-04-01 09:30:00+08:00,False,,neutral,0.55,,0.7,0.04653741075440787,,,rule,,1.0
fcfe25a0a11e9dd66ca67db7,sse-2a09d47b5972d35d0e258696,688098.SH,earnings,2020-08-20 16:52:38+08:00,2020-08-21 09:30:00+08:00,False,,neutral,0.55,,0.7,1.0,,,rule,,1.0
a272cc5e2011eec5f17b1425,szse-2ff7988997df64a619a52e10,002352.SZ,shareholder_change,2019-03-22 00:00:00+08:00,2019-03-25 09:30:00+08:00,False,,neutral,0.5,,0.7,0.4896896369201713,,,rule,,1.0
7d694884b5b355830302f9eb,sse-08c11f6003e2ad0d090d6d89,603125.SH,earnings,2025-10-29 21:33:22+08:00,2025-10-30 09:30:00+08:00,False,,neutral,0.55,,0.7,1.0,,,rule,,1.0
e225d45549364d2bac6a48e3,szse-ce62f13ea0271399f1c2c2b4,300059.SZ,other,2018-01-19 19:40:30+08:00,2018-01-22 09:30:00+08:00,False,,neutral,0.15,,0.3,0.20570299828607375,,,rule,,1.0
c8b887a874a0897b3dd1f6cf,szse-b78d81753d947a5f04cc0e7c,301308.SZ,other,2026-03-23 18:44:09+08:00,2026-03-24 09:30:00+08:00,False,,neutral,0.15,,0.3,0.08534087923995282,,,rule,,1.0
67a5a95f9b7f9c99eb768b2b,sse-b181dfbfe7f1f2922eb915b9,603358.SH,earnings,2023-04-27 17:26:31+08:00,2023-04-28 09:30:00+08:00,False,,neutral,0.55,,0.7,0.04653741075440787,,,rule,,1.0
f979da0a97c8aa314dc04079,sse-208c47306c7435a874bd79cb,600976.SH,earnings,2018-10-22 16:40:50+08:00,2018-10-23 09:30:00+08:00,False,,neutral,0.55,,0.7,1.0,,,rule,,1.0
6e2bd2a4d67db6aca85dbf09,sse-701ef9f3f37fa11cebbc7cae,601882.SH,earnings,2020-10-28 15:36:19+08:00,2020-10-29 09:30:00+08:00,False,,neutral,0.55,,0.7,1.0,,,rule,,1.0
9bd5b4caf649d32241d04090,szse-9b1074f3994c66d751505c19,002594.SZ,pledge,2022-02-18 00:00:00+08:00,2022-02-21 09:30:00+08:00,False,,negative,0.55,,0.7,0.0,,,rule,,1.0
e26aa896ed6871cc5bddde02,szse-ff5465b87705ac87805f0a6b,300757.SZ,shareholder_change,2026-05-12 17:38:10+08:00,2026-05-13 09:30:00+08:00,False,,neutral,0.5,,0.7,0.6557348136704518,,,rule,,1.0
6fe54a6c9b7b5beee9d69297,szse-8d2890cd23b143897d5fdb5e,000338.SZ,other,2021-08-18 00:00:00+08:00,2021-08-19 09:30:00+08:00,False,,neutral,0.15,,0.3,0.06896551724137923,,,rule,,1.0
e426401247a711377030b226,szse-b1d92e126b14596d0ad9f723,300433.SZ,financing,2021-04-26 00:00:00+08:00,2021-04-27 09:30:00+08:00,False,,neutral,0.6,,0.7,0.47018705717398246,,,rule,,1.0
7a3cb1e1334f990deb50ea0f,sse-703934db8343a5975f5e65f0,603206.SH,earnings,2025-04-24 20:54:42+08:00,2025-04-25 09:30:00+08:00,False,,neutral,0.55,,0.7,1.0,,,rule,,1.0
bc7c159b43bc6ad07c6ab6b3,szse-fc2612e8650fc5568d36e41e,002281.SZ,management_change,2022-11-23 00:00:00+08:00,2022-11-24 09:30:00+08:00,False,,neutral,0.5,,0.7,0.6455412215207166,,,rule,,1.0
de917eb9b10382f181d902ed,sse-9ff5fe2651fcabeeb9f34d58,600107.SH,earnings,2020-08-27 15:32:55+08:00,2020-08-28 09:30:00+08:00,False,,neutral,0.55,,0.7,0.08013378899220003,,,rule,,1.0
68fe94d127729befceb942cb,sse-56be4e914f5b2071c729bc17,603909.SH,earnings,2021-04-27 16:38:48+08:00,2021-04-28 09:30:00+08:00,False,,neutral,0.55,,0.7,1.0,,,rule,,1.0
c749903d2e01014dc6db0710,szse-c04c6948e718b4a2bcad6e33,300857.SZ,other,2022-07-29 00:00:00+08:00,2022-08-01 09:30:00+08:00,False,,neutral,0.15,,0.3,0.10526315789473706,,,rule,,1.0
f9674f9f88cb1e90852d80dc,sse-41c400bfd793ba9b7255b1e7,603666.SH,earnings,2022-08-18 17:54:09+08:00,2022-08-19 09:30:00+08:00,False,,neutral,0.55,,0.7,1.0,,,rule,,1.0
f08a08254d0f0c9012ee65ce,sse-6e8bdb9fb451be8bd17e9b26,603998.SH,earnings,2021-04-28 20:21:48+08:00,2021-04-29 09:30:00+08:00,False,,neutral,0.55,,0.7,0.13333333333333341,,,rule,,1.0
33def94f9d69a7dfd8cc84ac,sse-74d2baee12dbd03d0ba96e2c,600721.SH,earnings,2018-04-24 19:54:55+08:00,2018-04-25 09:30:00+08:00,False,,neutral,0.55,,0.7,1.0,,,rule,,1.0
18591f7c674249d1150cef7f,sse-7e60eafd07e8acb8cbd5dba0,600367.SH,earnings,2020-04-28 18:52:38+08:00,2020-04-29 09:30:00+08:00,False,,neutral,0.55,,0.7,0.43955146168219494,,,rule,,1.0
11bfdc55552daaace3007f10,sse-198b7554239f975e4d9dbb51,603657.SH,earnings,2020-04-14 19:09:34+08:00,2020-04-15 09:30:00+08:00,False,,neutral,0.55,,0.7,1.0,,,rule,,1.0
ca75bddacb3060c9fdb48fd3,szse-bdb01731f15fcd87038937d1,300014.SZ,other,2025-04-18 00:00:00+08:00,2025-04-21 09:30:00+08:00,False,,neutral,0.15,,0.3,0.564714249933993,,,rule,,1.0
b93b6cdfa837c697439f3460,sse-cf86fe6cf5df271533d4d1c2,605336.SH,earnings,2023-08-28 18:17:10+08:00,2023-08-29 09:30:00+08:00,False,,neutral,0.55,,0.7,1.0,,,rule,,1.0
a29e73472f7276d2e88d9642,sse-7a90ca2f61fe2fbf16294b7f,688590.SH,earnings,2026-04-28 18:17:52+08:00,2026-04-29 09:30:00+08:00,False,,neutral,0.55,,0.7,1.0,,,rule,,1.0
510ac2d81263a0415158e691,szse-b99c1b15404dceee90c8c157,000858.SZ,management_change,2026-04-30 18:20:25+08:00,2026-05-06 09:30:00+08:00,False,,neutral,0.5,,0.7,0.8132959887962654,,,rule,,1.0
a122626fba48ecc9ae4a5ceb,szse-ca13f8c9d4d532d3e72145f5,000958.SZ,asset_purchase,2025-12-09 00:00:00+08:00,2025-12-10 09:30:00+08:00,False,,neutral,0.5,,0.7,0.04826329362487303,,,rule,,1.0
71981945594668a05a126c47,sse-ff1cbf12eb7110f6faca674a,600346.SH,earnings,2024-08-22 18:35:07+08:00,2024-08-23 09:30:00+08:00,False,,neutral,0.55,,0.7,0.06905066374873725,,,rule,,1.0
b2a0cb2b2dcc215fbf12e785,szse-56b631c5376d2994cef3171c,300059.SZ,financing,2020-09-30 00:00:00+08:00,2020-10-09 09:30:00+08:00,False,,neutral,0.6,,0.7,0.5120499635257334,,,rule,,1.0
71a835c21a9d16c37c9043ba,szse-89eadec3db2eaaf434bda6a8,002493.SZ,other,2024-04-26 00:00:00+08:00,2024-04-29 09:30:00+08:00,False,,neutral,0.15,,0.3,0.6850551105339067,,,rule,,1.0
719aedfb3faf6812d55da8d1,szse-3243bbe0cf621434b88fa285,000166.SZ,refinancing,2023-08-29 15:53:19+08:00,2023-08-30 09:30:00+08:00,False,,neutral,0.5,,0.7,0.024695169603306977,,,rule,,1.0
47fac005581f8896297b7d5c,sse-59cb99f1ba34fffe083aba54,601368.SH,earnings,2022-08-24 16:11:05+08:00,2022-08-25 09:30:00+08:00,False,,neutral,0.55,,0.7,0.04446691409409076,,,rule,,1.0
4a2176e887beb79db06fc3eb,szse-28d4381675204a44b79ccc63,002384.SZ,other,2020-04-25 00:00:00+08:00,2020-04-27 09:30:00+08:00,False,,neutral,0.15,,0.3,0.17921731833187682,,,rule,,1.0
bb938a32e93441a13929294c,szse-fb42b5f1a579d85fb260f7f7,000338.SZ,other,2020-11-14 00:00:00+08:00,2020-11-16 09:30:00+08:00,False,,neutral,0.15,,0.3,0.2727272727272727,,,rule,,1.0
73515a35585a4f2e461d2448,szse-d71b24117dcbd96fd09edafc,002415.SZ,other,2018-04-21 00:00:00+08:00,2018-04-23 09:30:00+08:00,False,,neutral,0.15,,0.3,0.25464400750007,,,rule,,1.0
25f5c6daa92a714022508e8a,sse-f7513e8c7c21980ae356761c,688383.SH,earnings,2025-08-17 15:31:44+08:00,2025-08-18 09:30:00+08:00,False,,neutral,0.55,,0.7,1.0,,,rule,,1.0
6041e9c89d16813fc84dfb1f,szse-9b2563486b669523f322ad32,002714.SZ,other,2026-03-14 00:00:00+08:00,2026-03-16 09:30:00+08:00,False,,neutral,0.15,,0.3,0.4530339657253811,,,rule,,1.0
e98764915e1b87fc9bea8966,szse-84334dce9928f81324e215c1,301526.SZ,financing,2023-12-07 00:00:00+08:00,2023-12-08 09:30:00+08:00,False,,neutral,0.6,,0.7,0.8185563153493942,,,rule,,1.0
f50b3aebb0732baeb3cb74b0,szse-6d696cd31ce9199429e1508b,000776.SZ,refinancing,2025-06-12 18:40:57+08:00,2025-06-13 09:30:00+08:00,False,,neutral,0.5,,0.7,0.04081632653061229,,,rule,,1.0
d7c9bb320dfc073c48bd6d4f,sse-0c713b5f5fba4a8ed6a961ed,603113.SH,earnings,2018-08-16 15:51:09+08:00,2018-08-17 09:30:00+08:00,False,,neutral,0.55,,0.7,1.0,,,rule,,1.0
5b02ac0a0b62583654a6cfea,sse-910ea9df8dcd872af53742e6,603158.SH,earnings,2018-04-26 21:23:58+08:00,2018-04-27 09:30:00+08:00,False,,neutral,0.55,,0.7,0.07417990022744847,,,rule,,1.0
048cbe147a18e4b93abc790f,szse-6dafde7a46320c0d886cd09d,002475.SZ,other,2024-06-04 00:00:00+08:00,2024-06-05 09:30:00+08:00,False,,neutral,0.15,,0.3,0.48550424457247343,,,rule,,1.0
dd435f3f013b2a25216e1ac3,sse-cf2bc73dceb22725da46041a,600491.SH,earnings,2023-04-25 19:15:58+08:00,2023-04-26 09:30:00+08:00,False,,neutral,0.55,,0.7,1.0,,,rule,,1.0
79d75d7a0019b18a8bcf55a5,sse-6473ba12eb39584cc2043563,603848.SH,earnings,2020-08-26 15:38:18+08:00,2020-08-27 09:30:00+08:00,False,,neutral,0.55,,0.7,1.0,,,rule,,1.0
7a90fdef4721eebfdac736a2,szse-161063a837ecc80f19238b3e,002050.SZ,other,2022-05-20 00:00:00+08:00,2022-05-23 09:30:00+08:00,False,,neutral,0.15,,0.3,0.4314647563850388,,,rule,,1.0
2715ec65775f262737582494,szse-a9863f5e9b6c3676d37322ff,002460.SZ,other,2024-04-12 00:00:00+08:00,2024-04-15 09:30:00+08:00,False,,neutral,0.15,,0.3,0.47619047619047616,,,rule,,1.0
05186b0951cd29b7855aa134,sse-bd732e446cd356ccff58d82f,600746.SH,earnings,2019-04-18 15:40:54+08:00,2019-04-19 09:30:00+08:00,False,,neutral,0.55,,0.7,0.4285714285714286,,,rule,,1.0
bf62eadf276d698f35511fac,sse-33c8202e73b142c40ec2c4f9,603466.SH,earnings,2023-04-25 16:19:47+08:00,2023-04-26 09:30:00+08:00,False,,neutral,0.55,,0.7,0.2076452265831159,,,rule,,1.0
b43da7e537b3f10fcada5e5f,sse-8bc2d28544e01bfe7ed5f51f,600590.SH,earnings,2025-10-29 15:56:02+08:00,2025-10-30 09:30:00+08:00,False,,neutral,0.55,,0.7,1.0,,,rule,,1.0
174ecf5ce6257bcb5c931c8e,sse-6726df85f67b01193b19c27c,603665.SH,earnings,2023-08-30 16:06:09+08:00,2023-08-31 09:30:00+08:00,False,,neutral,0.55,,0.7,1.0,,,rule,,1.0
e9c3d1b64ff4e69a2e5de521,szse-2dede284e88c51d1f01cdc84,300394.SZ,other,2022-02-11 19:30:09+08:00,2022-02-14 09:30:00+08:00,False,,neutral,0.15,,0.3,0.6743305263605353,,,rule,,1.0
7ebd5a48a878632c1dbc5867,sse-03aa564b56aef248dc46f6d4,600185.SH,earnings,2020-04-28 19:52:35+08:00,2020-04-29 09:30:00+08:00,False,,neutral,0.55,,0.7,0.07417990022744847,,,rule,,1.0
3a125d5d7cbbf9a3e1a09cda,szse-93fc61104e83fbd5401195bd,300014.SZ,other,2021-07-23 00:00:00+08:00,2021-07-26 09:30:00+08:00,False,,neutral,0.15,,0.3,0.4534056055000515,,,rule,,1.0
a82d4f34524516380ebedb58,szse-7888dca5619eadd1177ea8a6,300498.SZ,other,2024-04-29 00:00:00+08:00,2024-04-30 09:30:00+08:00,False,,neutral,0.15,,0.3,0.564714249933993,,,rule,,1.0
1c973fcbd8513816ff61e038,sse-b7ed5dc5f79abe7ed9707c83,603969.SH,earnings,2025-08-19 16:16:58+08:00,2025-08-20 09:30:00+08:00,False,,neutral,0.55,,0.7,0.03923107716947705,,,rule,,1.0
5128e80b16ca78fbab2c9f3a,szse-a22c01f30d92fe3e0831265e,300014.SZ,other,2018-05-10 19:38:28+08:00,2018-05-11 09:30:00+08:00,False,,neutral,0.15,,0.3,0.2515448008162511,,,rule,,1.0
3a1ace24957be2452558f300,szse-f5931b776ae669def584f6fe,300757.SZ,other,2024-07-04 00:00:00+08:00,2024-07-05 09:30:00+08:00,False,,neutral,0.15,,0.3,0.4737651884157824,,,rule,,1.0
d34f32f930c5b53f1a11a931,sse-255efb10f211f5382130875e,603899.SH,earnings,2020-10-27 15:41:04+08:00,2020-10-28 09:30:00+08:00,False,,neutral,0.55,,0.7,0.06905066374873725,,,rule,,1.0
0e4113475476e7f3b63b0212,szse-9ccc35e51a98ac60b829c1ca,000725.SZ,other,2018-03-31 00:00:00+08:00,2018-04-02 09:30:00+08:00,False,,neutral,0.15,,0.3,0.2887132408409807,,,rule,,1.0
16a913fc7623079a619f0d7c,sse-f88d7f31b332d3709fd29721,603569.SH,earnings,2021-04-26 15:30:23+08:00,2021-04-27 09:30:00+08:00,False,,neutral,0.55,,0.7,0.06458565330651467,,,rule,,1.0
0f13d74a76ff41844cc82ed7,sse-a91a87b3b039afb1c15d8126,600855.SH,earnings,2019-10-28 19:50:14+08:00,2019-10-29 09:30:00+08:00,False,,neutral,0.55,,0.7,1.0,,,rule,,1.0
a31a5cd00edd8127d57941ca,szse-18f36f03f7b149e490769fa5,300274.SZ,management_change,2022-04-20 00:00:00+08:00,2022-04-21 09:30:00+08:00,False,,neutral,0.5,,0.7,0.09523809523809523,,,rule,,1.0
c3b1b273dd8763f8df4a075e,sse-3ad55d1ac1ea86f12ef2c24d,600517.SH,earnings,2020-10-27 17:32:01+08:00,2020-10-28 09:30:00+08:00,False,,neutral,0.55,,0.7,0.06905066374873725,,,rule,,1.0
c437a70b1125b4cbc7321ebd,szse-8f36b0edfe6ec44f6015b732,000301.SZ,government_policy,2021-05-13 00:00:00+08:00,2021-05-14 09:30:00+08:00,False,,neutral,0.7,,0.7,0.19974988275143135,,,rule,,1.0
d698f375c750770dfd2b08f8,szse-a6041d6ba9467ec44df0d002,300760.SZ,other,2025-10-15 00:00:00+08:00,2025-10-16 09:30:00+08:00,False,,neutral,0.15,,0.3,0.2796397297748029,,,rule,,1.0
0ab0366d25c804172d8ef593,sse-1315ee4a89bbb631972f24b6,601899.SH,earnings,2026-04-21 20:11:52+08:00,2026-04-22 09:30:00+08:00,False,,neutral,0.55,,0.7,1.0,,,rule,,1.0
a5735ba6a009837379a3821e,sse-1859ead1832c83790894b538,600280.SH,earnings,2023-04-27 17:35:58+08:00,2023-04-28 09:30:00+08:00,False,,neutral,0.55,,0.7,1.0,,,rule,,1.0
a7d3a17ff6561404917d0f30,sse-2cb4edbb208bddcec4df39cf,600961.SH,earnings,2020-08-20 17:49:00+08:00,2020-08-21 09:30:00+08:00,False,,neutral,0.55,,0.7,0.07417990022744847,,,rule,,1.0
fb49667764bd63442b905bfe,sse-2caed1eedbec72ad9d57e599,603290.SH,earnings,2020-04-07 21:04:54+08:00,2020-04-08 09:30:00+08:00,False,,neutral,0.55,,0.7,0.07417990022744847,,,rule,,1.0
05331ce293383fff5308be56,szse-1295362ccde77294c472d4b4,002379.SZ,earnings,2025-03-14 00:00:00+08:00,2025-03-17 09:30:00+08:00,False,,neutral,0.55,,0.7,0.2142857142857143,,,rule,,1.0
7ea59643b1a34d83426adfa0,sse-811520264e3cd95ff902fc58,688648.SH,earnings,2025-04-28 20:01:52+08:00,2025-04-29 09:30:00+08:00,False,,neutral,0.55,,0.7,0.6000000000000001,,,rule,,1.0
fb7b94863e63394dfeecd084,szse-5507098fdfab5c1e3e0d0516,000657.SZ,other,2024-09-04 11:50:11+08:00,2024-09-04 11:50:11+08:00,False,,neutral,0.15,,0.3,0.8023576462394764,,,rule,,1.0
763be3b8d36f651913030d76,sse-e2b7e8d9dcdb787224eac76d,688339.SH,earnings,2026-04-29 19:54:28+08:00,2026-04-30 09:30:00+08:00,False,,neutral,0.55,,0.7,0.46153846153846145,,,rule,,1.0
56cab06622ce40747efe348c,sse-f47e95aba5533ccbc198723c,603045.SH,earnings,2020-04-30 02:48:04+08:00,2020-04-30 02:48:04+08:00,False,,neutral,0.55,,0.7,1.0,,,rule,,1.0
1a1dc92d73c59a6b91cf31f4,szse-e64a2bdc59ea03f8872c7917,300498.SZ,financing,2026-04-22 00:00:00+08:00,2026-04-23 09:30:00+08:00,False,,neutral,0.6,,0.7,0.3093280130671656,,,rule,,1.0
99406b36033d5e4540a04019,sse-86b1d9ef0ee48f710db61f33,601965.SH,earnings,2018-10-24 15:58:41+08:00,2018-10-25 09:30:00+08:00,False,,neutral,0.55,,0.7,1.0,,,rule,,1.0
6a9933781d67ffda1a6d5112,sse-e496fbecb2cae375030f18d5,688012.SH,earnings,2019-08-21 19:06:44+08:00,2019-08-22 09:30:00+08:00,False,,neutral,0.55,,0.7,0.06905066374873725,,,rule,,1.0
76fbca18893dc219f56592f1,szse-26e6f89bd8766e1ec6203823,002916.SZ,other,2025-07-31 00:00:00+08:00,2025-08-01 09:30:00+08:00,False,,neutral,0.15,,0.3,0.2777777777777777,,,rule,,1.0
823697d2b84f4f6db8c30aae,sse-34e76f520bc74869aff3d95f,603958.SH,earnings,2019-10-28 17:14:07+08:00,2019-10-29 09:30:00+08:00,False,,neutral,0.55,,0.7,1.0,,,rule,,1.0
6df97c971ba9a5321ac06193,sse-95236eded436c7038788b3ca,600906.SH,earnings,2022-04-28 15:30:48+08:00,2022-04-29 09:30:00+08:00,False,,neutral,0.55,,0.7,1.0,,,rule,,1.0
98fdebb0533850553b846222,sse-8baf76897adce9e2deafbe89,601375.SH,earnings,2024-03-28 22:18:37+08:00,2024-03-29 09:30:00+08:00,False,,neutral,0.55,,0.7,0.05131670194948623,,,rule,,1.0
9730855834ede7790a19ff1b,szse-6f37568ab1bdc3e8c0c85ed4,000958.SZ,asset_purchase,2025-05-16 00:00:00+08:00,2025-05-19 09:30:00+08:00,False,,neutral,0.5,,0.7,0.3579179084654266,,,rule,,1.0
928bf2c8cbfbc3ba192b64c2,szse-3f6ffbc656a4815ba921e4ac,300433.SZ,other,2026-03-31 00:00:00+08:00,2026-04-01 09:30:00+08:00,False,,neutral,0.15,,0.3,0.5,,,rule,,1.0
67d4ca756c13ab08d66873d8,szse-78508fca06683e2a07ae657f,002050.SZ,share_buyback,2022-07-16 00:00:00+08:00,2022-07-18 09:30:00+08:00,False,,positive,0.5,,0.7,0.454455274410019,,,rule,,1.0
c35364c2d02eb03aabcbb7da,szse-9e12a90d41cce401a1e17fd8,002600.SZ,other,2021-08-26 00:00:00+08:00,2021-08-27 09:30:00+08:00,False,,neutral,0.15,,0.3,0.6666666666666665,,,rule,,1.0
7177702bf8ad230557d64941,szse-d4788dd74722c0a30d59d694,002142.SZ,other,2026-05-29 00:00:00+08:00,2026-06-01 09:30:00+08:00,False,,neutral,0.15,,0.3,0.5131355044398523,,,rule,,1.0
801fa228ce3c60931014fdf2,sse-43a57e8f4b885314f40ed4ab,600100.SH,earnings,2025-04-28 21:54:57+08:00,2025-04-29 09:30:00+08:00,False,,neutral,0.55,,0.7,1.0,,,rule,,1.0
ddb607c86e4fb38fd770f127,szse-eb260fa9db826ee2d57aa480,300442.SZ,other,2024-04-18 00:00:00+08:00,2024-04-19 09:30:00+08:00,False,,neutral,0.15,,0.3,0.14156036633251667,,,rule,,1.0
7c9f71dc230d613704b85dda,sse-befa403a0df861b7f5894b2c,688052.SH,earnings,2025-04-29 18:43:01+08:00,2025-04-30 09:30:00+08:00,False,,neutral,0.55,,0.7,0.5527864045000421,,,rule,,1.0
9b64ec200fc16d72e944029c,sse-528bafd5d2035bbc35629f5d,603519.SH,earnings,2023-08-17 18:42:39+08:00,2023-08-18 09:30:00+08:00,False,,neutral,0.55,,0.7,0.06905066374873725,,,rule,,1.0
a68e209f3b3b66a83963fc22,szse-8ca6d434f71bdcad6d4aa7af,002460.SZ,other,2022-03-31 00:00:00+08:00,2022-04-01 09:30:00+08:00,False,,neutral,0.15,,0.3,0.4729537233052701,,,rule,,1.0
4f5c9261189aeec0ae60e654,sse-922eac075827c006989ed986,601336.SH,earnings,2025-08-28 18:20:42+08:00,2025-08-29 09:30:00+08:00,False,,neutral,0.55,,0.7,0.06905066374873725,,,rule,,1.0
b435d5d508adce6e88f63724,sse-e4219d48fb984f9c8f381af7,600302.SH,earnings,2018-08-30 15:46:59+08:00,2018-08-31 09:30:00+08:00,False,,neutral,0.55,,0.7,0.06905066374873725,,,rule,,1.0
57333f70770f467587b8f34d,sse-8ed0396522620cd5791d5e72,600643.SH,earnings,2023-03-30 17:25:52+08:00,2023-03-31 09:30:00+08:00,False,,neutral,0.55,,0.7,0.07417990022744847,,,rule,,1.0
a7c5c6a099a435b5e05c3fb4,sse-fcf8abec40a263b33089a33a,601606.SH,earnings,2024-04-29 19:29:47+08:00,2024-04-30 09:30:00+08:00,False,,neutral,0.55,,0.7,1.0,,,rule,,1.0
f9a9f8ed4737c90cb109ff7e,sse-c0118423da01eaeec7b6195d,600062.SH,earnings,2023-03-27 17:48:42+08:00,2023-03-28 09:30:00+08:00,False,,neutral,0.55,,0.7,1.0,,,rule,,1.0
27bd51eb828ee3f34e2a037b,szse-de196f6a83071a751ee8ac85,002415.SZ,share_buyback,2025-04-01 00:00:00+08:00,2025-04-02 09:30:00+08:00,False,,positive,0.5,,0.7,0.0,,,rule,,1.0
7d1c1c56256be6256ed96a02,sse-f596fa8e709b11b6f30a713d,688228.SH,earnings,2021-03-30 17:35:52+08:00,2021-03-31 09:30:00+08:00,False,,neutral,0.55,,0.7,0.0871290708247231,,,rule,,1.0
58ac94286014505e46170832,szse-da8f0ea2c4b72752f7fd4957,002142.SZ,other,2021-12-21 00:00:00+08:00,2021-12-22 09:30:00+08:00,False,,neutral,0.15,,0.3,0.14285714285714302,,,rule,,1.0
09b65138259a1752f70e515b,szse-097b09df70bc01d1be489898,300274.SZ,other,2026-04-01 00:00:00+08:00,2026-04-02 09:30:00+08:00,False,,neutral,0.15,,0.3,0.0625,,,rule,,1.0
cac3405191d28bdf0285a0f7,sse-1fe0d94503a85b1e53e39917,600608.SH,earnings,2024-08-26 18:41:10+08:00,2024-08-27 09:30:00+08:00,False,,neutral,0.55,,0.7,1.0,,,rule,,1.0
f50b5c1343fa5b6ab3209311,sse-dc590b0efcdab6dc7abaccbc,603948.SH,earnings,2023-04-26 16:06:11+08:00,2023-04-27 09:30:00+08:00,False,,neutral,0.55,,0.7,0.09090909090909094,,,rule,,1.0
bbf02e75fdbb71921470b5ab,szse-ab6c7fceb01c9a26f36efc22,300433.SZ,other,2026-05-07 17:58:10+08:00,2026-05-08 09:30:00+08:00,False,,neutral,0.15,,0.3,0.5763407271318383,,,rule,,1.0
59b45d7d98d0b82d522d8c90,sse-c43a90d5d6d69676220199e9,601101.SH,earnings,2026-04-22 19:42:52+08:00,2026-04-23 09:30:00+08:00,False,,neutral,0.55,,0.7,0.2727272727272727,,,rule,,1.0
aa9c9183fd4bd6582af43681,sse-d5f765f3c2afac62a974e167,600561.SH,earnings,2021-10-28 15:58:18+08:00,2021-10-29 09:30:00+08:00,False,,neutral,0.55,,0.7,1.0,,,rule,,1.0
e645102534a24114eeac8a4d,szse-e71e7588c4d4730651b7cd3d,002371.SZ,financing,2019-08-23 00:00:00+08:00,2019-08-26 09:30:00+08:00,False,,neutral,0.6,,0.7,0.5474442713153349,,,rule,,1.0
6d96b7bd4654b9c408b8eec1,sse-ea5bee83cb6aca31ec09566e,600775.SH,earnings,2021-08-25 15:30:34+08:00,2021-08-26 09:30:00+08:00,False,,neutral,0.55,,0.7,1.0,,,rule,,1.0
6ddc9d2be527a0c6493d74a5,sse-af0722a67c41f7cfb08131ef,600310.SH,earnings,2020-10-27 17:32:01+08:00,2020-10-28 09:30:00+08:00,False,,neutral,0.55,,0.7,0.04446691409409076,,,rule,,1.0
b37af068b2b69768b208d98f,szse-488d72e30a34bad631cd9364,000938.SZ,other,2026-06-30 00:00:00+08:00,2026-07-01 09:30:00+08:00,False,,neutral,0.15,,0.3,0.6087072095643853,,,rule,,1.0
cebf8f6dc25c1324f91b296c,szse-a616aa9327b2f73335d0fed6,002493.SZ,refinancing,2020-01-16 00:00:00+08:00,2020-01-17 09:30:00+08:00,False,,neutral,0.5,,0.7,0.5829711718858505,,,rule,,1.0
0be49e22225cf9aa3a68f872,szse-16f1dd0a6cfb93b6ea946745,000338.SZ,other,2021-01-30 00:00:00+08:00,2021-02-01 09:30:00+08:00,False,,neutral,0.15,,0.3,0.26086956521739124,,,rule,,1.0
f31142244493794f22f55417,szse-26ceec76b17010bdbe22473a,300014.SZ,other,2023-02-17 00:00:00+08:00,2023-02-20 09:30:00+08:00,False,,neutral,0.15,,0.3,0.2414173938637395,,,rule,,1.0
300d7575c66d98e7fa82c7b6,sse-0b2d8deac13aa15c2d08b780,601390.SH,earnings,2023-10-30 18:11:03+08:00,2023-10-31 09:30:00+08:00,False,,neutral,0.55,,0.7,1.0,,,rule,,1.0
9e003842c2515ec3e9a9af7d,szse-d2f02e0fcd4a02b84e66102f,000301.SZ,dividend,2020-05-08 00:00:00+08:00,2020-05-11 09:30:00+08:00,False,,positive,0.4,,0.7,0.36987396218739554,,,rule,,1.0
