year,factor,available_stocks,coverage_ratio,missing_reason
2018,roe,238,0.08558072635742539,not_yet_announced
2019,roe,424,0.14213878645658734,no_extraction
2020,roe,628,0.20076726342711,no_extraction
2021,roe,749,0.23188854489164087,no_extraction
2022,roe,829,0.24962360734718458,no_extraction
2023,roe,909,0.2650918635170604,no_extraction
2024,roe,927,0.2678416642588847,no_extraction
2025,roe,950,0.27228432215534537,no_extraction
2018,roa,716,0.2574613448399856,no_extraction
2019,roa,1001,0.3355682199128394,no_extraction
2020,roa,1062,0.33951406649616367,no_extraction
2021,roa,1134,0.3510835913312694,no_extraction
2022,roa,1185,0.3568202348690154,no_extraction
2023,roa,1231,0.3589967920676582,no_extraction
2024,roa,1238,0.35770008668015024,no_extraction
2025,roa,1240,0.35540269418171394,no_extraction
2018,gross_margin,495,0.1779935275080906,no_extraction
2019,gross_margin,717,0.24036205162587998,no_extraction
2020,gross_margin,811,0.2592710997442455,no_extraction
2021,gross_margin,838,0.2594427244582043,no_extraction
2022,gross_margin,873,0.26287262872628725,no_extraction
2023,gross_margin,888,0.2589676290463692,no_extraction
2024,gross_margin,892,0.2577289800635654,no_extraction
2025,gross_margin,895,0.2565204929779306,no_extraction
2018,net_margin,713,0.2563825961884214,no_extraction
2019,net_margin,1001,0.3355682199128394,no_extraction
2020,net_margin,1053,0.3366368286445013,no_extraction
2021,net_margin,1113,0.3445820433436533,no_extraction
2022,net_margin,1161,0.34959349593495936,no_extraction
2023,net_margin,1207,0.3519976669582969,no_extraction
2024,net_margin,1214,0.35076567466050274,no_extraction
2025,net_margin,1216,0.34852393235884205,no_extraction
2018,debt_to_asset,720,0.2588996763754045,no_extraction
2019,debt_to_asset,1022,0.3426081126382836,no_extraction
2020,debt_to_asset,1093,0.3494245524296675,no_extraction
2021,debt_to_asset,1120,0.34674922600619196,no_extraction
2022,debt_to_asset,1171,0.3526046371574827,no_extraction
2023,debt_to_asset,1219,0.3554972295129775,no_extraction
2024,debt_to_asset,1236,0.35712221901184626,no_extraction
2025,debt_to_asset,1240,0.35540269418171394,no_extraction
2018,revenue_growth,732,0.2632146709816613,no_extraction
2019,revenue_growth,1039,0.3483070734160241,no_extraction
2020,revenue_growth,1100,0.3516624040920716,no_extraction
2021,revenue_growth,1126,0.34860681114551084,no_extraction
2022,revenue_growth,1161,0.34959349593495936,no_extraction
2023,revenue_growth,1207,0.3519976669582969,no_extraction
2024,revenue_growth,1214,0.35076567466050274,no_extraction
2025,revenue_growth,1218,0.34909716251074807,no_extraction
2018,net_profit_growth,675,0.24271844660194175,no_extraction
2019,net_profit_growth,980,0.3285283271873952,no_extraction
2020,net_profit_growth,1041,0.3328005115089514,no_extraction
2021,net_profit_growth,1095,0.33900928792569657,no_extraction
2022,net_profit_growth,1137,0.34236675700090335,no_extraction
2023,net_profit_growth,1183,0.3449985418489355,no_extraction
2024,net_profit_growth,1190,0.34383126264085523,no_extraction
2025,net_profit_growth,1195,0.3425050157638292,no_extraction
2018,operating_cash_flow,714,0.25674217907227614,no_extraction
2019,operating_cash_flow,1023,0.3429433456252095,no_extraction
2020,operating_cash_flow,1079,0.34494884910485935,no_extraction
2021,operating_cash_flow,1121,0.34705882352941175,no_extraction
2022,operating_cash_flow,1161,0.34959349593495936,no_extraction
2023,operating_cash_flow,1198,0.34937299504228636,no_extraction
2024,operating_cash_flow,1202,0.347298468650679,no_extraction
2025,operating_cash_flow,1206,0.3456577815993121,no_extraction
2018,ocf_to_assets,714,0.25674217907227614,no_extraction
2019,ocf_to_assets,1023,0.3429433456252095,no_extraction
2020,ocf_to_assets,1079,0.34494884910485935,no_extraction
2021,ocf_to_assets,1121,0.34705882352941175,no_extraction
2022,ocf_to_assets,1161,0.34959349593495936,no_extraction
2023,ocf_to_assets,1198,0.34937299504228636,no_extraction
2024,ocf_to_assets,1202,0.347298468650679,no_extraction
2025,ocf_to_assets,1206,0.3456577815993121,no_extraction
2018,ocf_to_net_profit,714,0.25674217907227614,no_extraction
2019,ocf_to_net_profit,1023,0.3429433456252095,no_extraction
2020,ocf_to_net_profit,1079,0.34494884910485935,no_extraction
2021,ocf_to_net_profit,1121,0.34705882352941175,no_extraction
2022,ocf_to_net_profit,1161,0.34959349593495936,no_extraction
2023,ocf_to_net_profit,1198,0.34937299504228636,no_extraction
2024,ocf_to_net_profit,1202,0.347298468650679,no_extraction
2025,ocf_to_net_profit,1206,0.3456577815993121,no_extraction
2018,pe,598,0.21503056454512764,no_extraction
2019,pe,862,0.28897083473013746,no_extraction
2020,pe,930,0.29731457800511507,no_extraction
2021,pe,970,0.30030959752321984,no_extraction
2022,pe,1005,0.3026196928635953,no_extraction
2023,pe,1029,0.300087489063867,no_extraction
2024,pe,1043,0.3013579890205143,no_extraction
2025,pe,1051,0.3012324448265979,no_extraction
2018,pb,598,0.21503056454512764,no_extraction
2019,pb,862,0.28897083473013746,no_extraction
2020,pb,930,0.29731457800511507,no_extraction
2021,pb,970,0.30030959752321984,no_extraction
2022,pb,1005,0.3026196928635953,no_extraction
2023,pb,1029,0.300087489063867,no_extraction
2024,pb,1043,0.3013579890205143,no_extraction
2025,pb,1051,0.3012324448265979,no_extraction
2018,ps,598,0.21503056454512764,no_extraction
2019,ps,862,0.28897083473013746,no_extraction
2020,ps,930,0.29731457800511507,no_extraction
2021,ps,970,0.30030959752321984,no_extraction
2022,ps,1005,0.3026196928635953,no_extraction
2023,ps,1029,0.300087489063867,no_extraction
2024,ps,1043,0.3013579890205143,no_extraction
2025,ps,1051,0.3012324448265979,no_extraction
2018,earnings_yield,598,0.21503056454512764,no_extraction
2019,earnings_yield,862,0.28897083473013746,no_extraction
2020,earnings_yield,930,0.29731457800511507,no_extraction
2021,earnings_yield,970,0.30030959752321984,no_extraction
2022,earnings_yield,1005,0.3026196928635953,no_extraction
2023,earnings_yield,1029,0.300087489063867,no_extraction
2024,earnings_yield,1043,0.3013579890205143,no_extraction
2025,earnings_yield,1051,0.3012324448265979,no_extraction
2018,turnover_20,598,0.21503056454512764,no_extraction
2019,turnover_20,862,0.28897083473013746,no_extraction
2020,turnover_20,930,0.29731457800511507,no_extraction
2021,turnover_20,970,0.30030959752321984,no_extraction
2022,turnover_20,1005,0.3026196928635953,no_extraction
2023,turnover_20,1029,0.300087489063867,no_extraction
2024,turnover_20,1043,0.3013579890205143,no_extraction
2025,turnover_20,1051,0.3012324448265979,no_extraction
2018,turnover_60,598,0.21503056454512764,no_extraction
2019,turnover_60,862,0.28897083473013746,no_extraction
2020,turnover_60,930,0.29731457800511507,no_extraction
2021,turnover_60,970,0.30030959752321984,no_extraction
2022,turnover_60,1005,0.3026196928635953,no_extraction
2023,turnover_60,1029,0.300087489063867,no_extraction
2024,turnover_60,1043,0.3013579890205143,no_extraction
2025,turnover_60,1051,0.3012324448265979,no_extraction
