signal,period,method,top_k,cash_buffer,sector_cap,quarterly,cov,ann,sharpe,mdd,calmar,vol,turnover_avg,fees,avg_holdings,eff_n,hhi,ind_conc,n_trades
s1,research,equal_weight,20,0.05,0.2,False,sample,0.03557825535540382,0.2009669724824016,-0.4613240272510142,0.07712205142968868,0.28831647153207307,0.42698468833883757,68312.87254954939,19.468653648509765,23.709554843085847,0.041294605966921354,0.4149171146568976,1762
s1,valid,equal_weight,20,0.05,0.2,False,sample,-0.06057233131967521,-0.2632047513951126,-0.3017064549056121,-0.20076577857316666,0.2251769753548959,0.41996151491549816,38512.39139881106,18.94214876033058,23.976029193531826,0.04018969662489035,0.3788448746631088,835
s1,test,equal_weight,20,0.05,0.2,False,sample,0.24751823625277303,0.9429317671295891,-0.19952912431047565,1.2405118155464077,0.257341787143243,0.4088668820376384,43828.179031775304,17.75876288659794,58.03179517398225,0.03855483267257318,0.32755113461306723,804
s2,research,equal_weight,20,0.05,0.2,False,sample,0.004011955050681415,0.08570517813643236,-0.4507203283750949,0.008901207241184421,0.28253554778242557,0.43026886515186746,67561.24565094073,19.36279547790339,23.80244458424166,0.04117547696043411,0.4065323815592941,1764
s2,valid,equal_weight,20,0.05,0.2,False,sample,-0.1380742334832029,-0.635569351354,-0.3535497221392344,-0.39053695940631156,0.23110561522228668,0.41697858979411,33736.40949135747,18.822314049586776,24.26854672043322,0.039682022092319726,0.36295223794278464,826
s2,test,equal_weight,20,0.05,0.2,False,sample,0.19615926049484367,0.7484493244757667,-0.2791539622352337,0.7026920159906125,0.2702504238082948,0.41850495550559585,44342.14330666009,17.828865979381444,46.60815676278907,0.03927177687298717,0.36408452652767076,813
s3,research,equal_weight,20,0.05,0.2,False,sample,0.06332180061476134,0.2961076090437076,-0.4507203283750949,0.14049022559742227,0.282078601429326,0.43552933669108035,72360.14965700163,19.504624871531345,23.358590093139167,0.04191792079908342,0.4036892727344772,1779
s3,valid,equal_weight,20,0.05,0.2,False,sample,-0.1289915064230437,-0.6036550761965764,-0.324594016304642,-0.39739335891509775,0.22698797713066726,0.41741436691464523,34136.922236200306,18.923553719008265,23.856919025475598,0.04033795779934177,0.4297904392891698,828
s3,test,equal_weight,20,0.05,0.2,False,sample,0.28124992802866333,1.0216526429614279,-0.23510774581686744,1.1962597278599976,0.26734883347502686,0.41736310035809,46962.64527624237,17.878350515463918,61.45591641798291,0.03946026753860305,0.3847734497616037,810
