ann,sharpe,mdd,calmar,vol,turnover_avg,fees,avg_holdings,eff_n,hhi,ind_conc,n_trades,signal,period,method,top_k,cash_buffer,sector_cap,quarterly,cov
0.06332180061476134,0.2961076090437076,-0.4507203283750949,0.14049022559742227,0.282078601429326,0.43552933669108035,72360.14965700163,19.504624871531345,23.358590093139167,0.04191792079908342,0.4036892727344772,1779,s3,research,equal_weight,20,0.05,0.2,False,sample
-0.1289915064230437,-0.6036550761965764,-0.324594016304642,-0.39739335891509775,0.22698797713066726,0.41741436691464523,34136.922236200306,18.923553719008265,23.856919025475598,0.04033795779934177,0.4297904392891698,828,s3,valid,equal_weight,20,0.05,0.2,False,sample
0.030045397117677952,0.17914627952649742,-0.45887128861938187,0.06547674230845066,0.28155631176099066,0.4374049397982324,71110.0925498053,19.43884892086331,22.112286921898264,0.04522297068836599,0.3716846273017115,1775,s3,research,score_weight,20,0.05,0.2,False,sample
-0.1293226605288491,-0.6072827699762128,-0.32851516802032255,-0.3936581111556133,0.22646316762485777,0.4152563572836322,33814.780711460335,18.793388429752067,23.31286480415435,0.041866310074756295,0.4066027889288219,824,s3,valid,score_weight,20,0.05,0.2,False,sample
0.03835534374533034,0.20871650509566933,-0.4610622437237185,0.08318907971200944,0.28149124057460123,0.4358253324910967,71430.49188084959,19.46043165467626,22.62192117173962,0.044107086821948416,0.3831338973845907,1778,s3,research,inverse_vol,20,0.05,0.2,False,sample
-0.13216955479317571,-0.6231051000486486,-0.32884072346117366,-0.4019257511723028,0.2262312947557331,0.41649375337338906,33844.332693369135,18.923553719008265,23.58195149621204,0.041339286868661916,0.4166747724251981,827,s3,valid,inverse_vol,20,0.05,0.2,False,sample
0.027603250649944844,0.16682977965536386,-0.3988002081842579,0.0692157378142373,0.27252587699228714,0.44111861762889404,73481.56074825893,15.741007194244604,17.098505263003396,0.06285992294334644,0.3052539985334936,1427,s3,research,gmv,20,0.05,0.2,False,sample
-0.1625965953593843,-0.7734770638292077,-0.3521729405074453,-0.4616953111874501,0.2290900009286872,0.4256094071146556,32825.694996256294,15.148760330578513,17.481829961288298,0.06009960604212031,0.3054495515494706,675,s3,valid,gmv,20,0.05,0.2,False,sample
0.0058687006775870465,0.0896247824874867,-0.40866054374175853,0.01436082041063305,0.27841369586596737,0.43954824366310624,73345.04936193548,15.289825282631037,16.92722799018861,0.06392973223054177,0.3035655452120211,1384,s3,research,mvo,20,0.05,0.2,False,sample
-0.1566374517075254,-0.7262882526548043,-0.3520006748948149,-0.4449919073431661,0.23273029989350397,0.4226791369056569,31830.929009234762,14.811983471074381,17.233456168889013,0.06156556845806942,0.30813850196112175,655,s3,valid,mvo,20,0.05,0.2,False,sample
0.032997943434443844,0.18829144988121618,-0.4372864665607714,0.07546070129718499,0.2772328577599121,0.43836467537323626,70336.1445055398,18.621788283658788,20.085749188032597,0.050183505008239475,0.3020195410330033,1699,s3,research,risk_parity,20,0.05,0.2,False,sample
-0.1634701439034406,-0.776319705120465,-0.3657273713576288,-0.44697268158141307,0.22951269267982913,0.42196622531235367,33001.20599754017,17.475206611570247,19.72445821259756,0.050793151738447104,0.3046700833888866,775,s3,valid,risk_parity,20,0.05,0.2,False,sample
0.009596476908923623,0.1032804882232962,-0.4036192872116414,0.02377606128592072,0.2782482771317813,0.43705501479825826,73457.30035335793,15.263103802672148,16.946655868384124,0.06383208911737087,0.3034634163909736,1377,s3,research,turnover_aware,20,0.05,0.2,False,sample
-0.15571119651301912,-0.7211911792813684,-0.3505303006441818,-0.44421608125421175,0.23278459355379902,0.42183647823636977,31783.37949889163,14.855371900826446,17.278765668049623,0.06129871175394597,0.3080235653725312,656,s3,valid,turnover_aware,20,0.05,0.2,False,sample
