factor,category,direction_declared,direction_empirical,IC_research,RankIC_research,ICIR_research,IC_pos_ratio_research,decay_20d,Q5_Q1,ls_sharpe,turnover,coverage,regime_up_ic,regime_down_ic,n_dates
announcement_attention_5d,news,neutral,negative,-0.006275227872505886,-0.006275227872505886,-0.1409097663374477,0.4583333333333333,-0.006275227872505886,-0.003064984922724692,-0.6449100252103221,0.9213224857662298,0.4177741401746442,-0.0042952003483327315,-0.009047266406348302,48
announcement_count_20d,news,neutral,negative,-0.009717352932281606,-0.009717352932281606,-0.18449256480452478,0.375,-0.009717352932281606,-0.001669968139387342,-0.4319113274987202,0.841371400254801,0.4276427742873798,-0.011441844142093899,-0.007303065238544397,48
announcement_count_5d,news,neutral,negative,-0.009460352574118685,-0.009460352574118685,-0.1959427373853279,0.375,-0.009460352574118685,-0.0027297379992744283,-0.5855463071617126,0.8715144456996731,0.4276427742873798,-0.011447528784290843,-0.006678305879877666,48
buyback_event_count_20d,news,positive,positive,0.0033969172966368823,0.0033969172966368823,0.09432247941161016,0.5833333333333334,0.0033969172966368823,-0.0014787034603236462,-0.21827171187139427,0.35528686404527543,0.4276427742873798,0.004162796788286608,0.0023246860083272654,48
earnings_event_count_60d,news,neutral,positive,0.007948114679128771,0.007948114679128771,0.1647825861929842,0.5416666666666666,0.007948114679128771,-0.001792310599187581,-0.38116656033242563,0.5923959446256251,0.4276427742873798,0.005193372333326723,0.011804753963251636,48
event_sentiment_shock,news,positive,negative,-0.004343988388952431,-0.004343988388952431,-0.1205732096611412,0.4791666666666667,-0.004343988388952431,0.00159857523742463,0.4254315929791204,0.754681369865247,0.4276427742873798,0.001508690514042417,-0.012537738853145219,48
event_shock,news,neutral,negative,-0.003603175280567419,-0.003603175280567419,-0.08077386915723755,0.375,-0.003603175280567419,-0.0031857532245187924,-0.4733077190691119,0.8327057454668492,0.33518026744233975,-0.004499566543076713,-0.002348227513054408,48
llm_confidence_20d,news,neutral,neutral,,,,,,,,,0.0,,,48
major_event_count_20d,news,neutral,negative,-0.004303501956618168,-0.004303501956618168,-0.0800068024337423,0.4583333333333333,-0.004303501956618168,-0.00024585629894786654,-0.13354604231417527,0.8183741460310007,0.4276427742873798,0.0017455508365638267,-0.012772175867072966,48
negative_news_count_5d,news,negative,negative,-0.0058184728710311065,-0.0058184728710311065,-0.14344785187825623,0.4166666666666667,-0.0058184728710311065,-0.0019412576743798714,-0.2796821977347005,0.4839311150879426,0.4276427742873798,-0.006630983439120871,-0.00468095807570544,48
news_attention_1d,news,neutral,negative,-0.00938877459102475,-0.00938877459102475,-0.23412005624997798,0.4166666666666667,-0.00938877459102475,-0.003653272313028059,-0.8108363752603303,0.8826709709698046,0.4177741401746442,-0.009978449328822673,-0.008563229958107663,48
news_attention_20d,news,neutral,negative,-0.0034392939838920737,-0.0034392939838920737,-0.08614615681574013,0.375,-0.0034392939838920737,-0.0013478744340701366,-0.40474579491750984,0.955029054224513,0.4177741401746442,-0.0004971821129380186,-0.007558250603227751,48
news_attention_5d,news,neutral,negative,-0.006275227872505886,-0.006275227872505886,-0.1409097663374477,0.4583333333333333,-0.006275227872505886,-0.003064984922724692,-0.6449100252103221,0.9213224857662298,0.4177741401746442,-0.0042952003483327315,-0.009047266406348302,48
news_count_1d,news,neutral,negative,-0.00985017289831095,-0.00985017289831095,-0.2381618486029806,0.4375,-0.00985017289831095,-0.003664776590614568,-0.7573347530382071,0.864582239607656,0.4276427742873798,-0.011424641846195476,-0.007645916371272617,48
news_count_20d,news,neutral,negative,-0.009717352932281606,-0.009717352932281606,-0.18449256480452478,0.375,-0.009717352932281606,-0.001669968139387342,-0.4319113274987202,0.841371400254801,0.4276427742873798,-0.011441844142093899,-0.007303065238544397,48
news_count_5d,news,neutral,negative,-0.009460352574118685,-0.009460352574118685,-0.1959427373853279,0.375,-0.009460352574118685,-0.0027297379992744283,-0.5855463071617126,0.8715144456996731,0.4276427742873798,-0.011447528784290843,-0.006678305879877666,48
news_importance_5d,news,neutral,negative,-0.0013394254317511645,-0.0013394254317511645,-0.025195338395552977,0.4583333333333333,-0.0013394254317511645,0.0012289932031138678,0.18287861095126065,0.8698821222612323,0.4276427742873798,-0.0017735727975292238,-0.0007316191196618836,48
news_novelty_5d,news,neutral,negative,-0.005140100169248326,-0.005140100169248326,-0.10568029625888091,0.3958333333333333,-0.005140100169248326,-0.0003959836863748097,-0.057683963496385555,0.8938432815503938,0.4276427742873798,-0.0023172658292922427,-0.009092068245186848,48
news_positive_negative_ratio,news,positive,positive,0.004239229587570629,0.004239229587570629,0.09320393364845829,0.5625,0.004239229587570629,-0.0038278062893124954,-0.8119633356886606,0.7650859468889571,0.4276427742873798,-0.0021823091442107023,0.013229383812064493,48
news_risk_20d,news,negative,negative,-0.002561225311166583,-0.002561225311166583,-0.05021559775676015,0.4375,-0.002561225311166583,0.0009322315742929555,0.09011603663360171,0.7618835174110872,0.4276427742873798,0.004857624808270336,-0.012947615478378268,48
news_sentiment_1d,news,positive,positive,0.0015047648459005508,0.0015047648459005508,0.054483470050208385,0.5416666666666666,0.0015047648459005508,-0.003120505554933647,-0.411490938669591,0.2919673655975856,0.4276427742873798,0.0023071573082037345,0.0003814153986760922,48
news_sentiment_20d,news,positive,positive,0.004161625443056963,0.004161625443056963,0.09666169945721223,0.5625,0.004161625443056963,-0.004474725326273508,-0.9755309124264222,0.766502734630586,0.4276427742873798,-0.001940078453746544,0.012704010898581872,48
news_sentiment_5d,news,positive,positive,0.004209989747470627,0.004209989747470627,0.11604756602152791,0.4791666666666667,0.004209989747470627,-0.004303653271490098,-0.645230031910813,0.5406183992614586,0.4276427742873798,0.0031106163959243966,0.005749112439635345,48
news_sentiment_weighted,news,positive,positive,0.003621522548066966,0.003621522548066966,0.08437827985066648,0.5625,0.003621522548066966,-0.004366277173792177,-0.9708923860983526,0.7721071310981582,0.4276427742873798,-0.0016895578241956724,0.011057035069234656,48
novel_news_count_5d,news,neutral,negative,-0.0008717903415012525,-0.0008717903415012525,-0.023385483728759725,0.375,-0.0008717903415012525,-0.0015710582513122743,-0.24958293225523534,0.7313354056272312,0.4276427742873798,0.004814585211741405,-0.008832716116040973,48
positive_news_count_5d,news,positive,negative,-0.0010569635401822184,-0.0010569635401822184,-0.03699531230914779,0.4791666666666667,-0.0010569635401822184,-0.003921254400760492,-0.5548869103894426,0.5354669676768984,0.4276427742873798,-0.0025570941409053605,0.0010432193008301795,48
regulatory_event_count_20d,news,negative,negative,-0.024840315424263168,-0.024840315424263168,-0.5560282586567362,0.2916666666666667,-0.024840315424263168,-0.003112622958850479,-0.3887494610994623,0.3389116315497862,0.4276427742873798,-0.01382484141317093,-0.040261979039792305,48
shareholder_change_count_20d,news,neutral,positive,0.0014262210471735158,0.0014262210471735158,0.02929870276761826,0.5625,0.0014262210471735158,-0.0002539868584829459,-0.11828835066822399,0.5920383615368885,0.4276427742873798,0.0018008650010202243,0.0009017195117881259,48
