,amount_20,amount_60,debt_to_asset,downside_volatility_60,earnings_yield,gross_margin,momentum_120,momentum_20,momentum_60,net_margin,net_profit_growth,ocf_to_assets,ocf_to_net_profit,operating_cash_flow,pb,pe,price_vs_ma120,price_vs_ma20,price_vs_ma60,ps,revenue_growth,reversal_20,reversal_5,roa,roe,turnover_20,turnover_60,volatility_20,volatility_60,volume_ratio_20_60,volume_ratio_5_20
amount_20,1.0,0.952204354723357,-0.06113561408773362,0.35711522854265976,-0.0930673382493746,0.11184550318994257,0.34768783851431095,0.13370119707008246,0.283878907669748,0.1386496313784929,0.2085967631962071,0.17102812625027883,-0.12553547183886518,0.15918023149193966,,0.10568912776546929,0.3179324689512016,0.047256253832216565,0.2243357053629552,,0.1636300241499848,-0.13370119707008246,-0.0005610780841679546,0.19002435687407931,0.34009855120384597,,,0.47787564939978394,0.4616306505985787,0.23992718695321077,-0.019126900279869446
amount_60,0.952204354723357,1.0,-0.06106735802374979,0.40205343056578075,-0.08969249859798002,0.10464302581751897,0.31321398371877235,0.01887557196909952,0.18692704015123976,0.13382293710604468,0.21732082682533693,0.17169097811929396,-0.12369512030038889,0.16761666211108192,,0.10127212185329895,0.22370463044952568,-0.012575902729939496,0.08041826144199243,,0.16965557234605635,-0.01887557196909952,0.015006820507035798,0.18692296849907594,0.33758969069030037,,,0.37053243171756517,0.4731227113795177,-0.03225004843866024,-0.0308787186837292
debt_to_asset,-0.06113561408773362,-0.06106735802374979,1.0,-0.1293543427748375,0.10608603266433847,-0.46508003698670447,-0.029147821343670065,-0.013682516395620509,-0.010918668429701572,-0.09586816742539847,-0.16430978216334532,-0.305203639090337,0.12862726981572245,0.04427186960287064,,-0.13573342406530536,-0.00655134255529497,-0.00713562438264398,-0.007463118615195342,,-0.12588149979752603,0.013682516395620509,0.007363568224674497,-0.42952099792977416,-0.2575542858094067,,,-0.12280170919668872,-0.1275002513619037,-0.005709095054571888,0.001440285192457002
downside_volatility_60,0.35711522854265976,0.40205343056578075,-0.1293543427748375,1.0,-0.526263477795931,-0.1745660415467149,0.06281437167081859,-0.17516393750222337,-0.0978576910810921,-0.2095056253127696,0.11210000419207208,0.1294806080815575,-0.005431036494291848,-0.29071890663404865,,0.4966269314646513,-0.07012220017652795,-0.22173240355198165,-0.19859893188155642,,0.22551474332791185,0.17516393750222337,0.17649158909719573,0.17172049748862972,0.08593263557832122,,,0.7094500406990748,0.9132127607958681,-0.07800626417888015,-0.08966255794438281
earnings_yield,-0.0930673382493746,-0.08969249859798002,0.10608603266433847,-0.526263477795931,1.0,0.22847355420399146,-0.20314184824378742,-0.042568008998849764,-0.142570335249907,0.358026669740999,0.05488920607864231,-0.19551361681862084,-0.22307428826003073,0.2459066962086834,,-0.9377060176426839,-0.15513035030856964,-0.03175001800872463,-0.10641825922615063,,-0.04608709283402593,0.042568008998849764,0.022975855987182693,0.09826861416473896,0.30013641643417066,,,-0.4798895344834291,-0.5254205180608028,-0.014664051778321616,-0.008760468395398884
gross_margin,0.11184550318994257,0.10464302581751897,-0.46508003698670447,-0.1745660415467149,0.22847355420399146,1.0,0.07486878037203656,0.07339685385928016,0.062420702047030284,0.5829240004818746,0.22202196187142317,0.3754334806432251,-0.1291871280817952,0.20369823609464394,,-0.1799185737393785,0.08599000701509724,0.07899518256476773,0.08576283190989992,,0.13527718000622893,-0.07339685385928016,-0.05566583252179037,0.519612547281379,0.47331411713023697,,,-0.11606404970417397,-0.14713384582229172,0.018979267350713626,0.05261303645312231
momentum_120,0.34768783851431095,0.31321398371877235,-0.029147821343670065,0.06281437167081859,-0.20314184824378742,0.07486878037203656,1.0,0.3559643380621882,0.6507288273209256,0.08868871537304694,0.028365244129670873,0.13677721647644284,-0.019788981753786686,-0.05109013931272322,,0.18696926611657294,0.8265310567312444,0.3064009031375487,0.5443532311577806,,0.07306328229061967,-0.3559643380621882,-0.18070089740414275,0.11903419006605408,0.14386989989687088,,,0.26402673766589907,0.26942779234165726,0.095867616477694,0.0577949806784927
momentum_20,0.13370119707008246,0.01887557196909952,-0.013682516395620509,-0.17516393750222337,-0.042568008998849764,0.07339685385928016,0.3559643380621882,1.0,0.5067536220077996,0.05072798100018725,0.0016831224656581655,0.047311602456815816,-0.01866862493464064,-0.007167865875527205,,0.03484684866683207,0.5956565508773295,0.7982369456376572,0.7917033932621144,,0.007917044127673226,-1.0,-0.44780643070037346,0.05313310931374711,0.07224955436659397,,,0.1681856025801068,0.00226956294819843,0.3786882402923742,0.29029202846143076
momentum_60,0.283878907669748,0.18692704015123976,-0.010918668429701572,-0.0978576910810921,-0.142570335249907,0.062420702047030284,0.6507288273209256,0.5067536220077996,1.0,0.0697873851032445,0.009080936662873778,0.08334954947084394,-0.021481462786537602,-0.0405289165437527,,0.12625059850839587,0.8841989481949222,0.41689096944645065,0.8089163784100344,,0.034528535739808144,-0.5067536220077996,-0.2395363648719168,0.07741741611086496,0.10342689860703626,,,0.26346537858222424,0.20674101322786695,0.2603859248558871,0.07844314155476338
net_margin,0.1386496313784929,0.13382293710604468,-0.09586816742539847,-0.2095056253127696,0.358026669740999,0.5829240004818746,0.08868871537304694,0.05072798100018725,0.0697873851032445,1.0,0.14875870181997133,0.0839940816880273,-0.3116107874435128,-0.005279028338735255,,-0.2930228437616257,0.08912090573897545,0.06739393402004461,0.08273764801467548,,0.04990082379439267,-0.05072798100018725,-0.07012148145767334,0.3655869975742437,0.5944099748772763,,,-0.15852897784638537,-0.17626617458851032,0.00686294296755677,0.06076182887261471
net_profit_growth,0.2085967631962071,0.21732082682533693,-0.16430978216334532,0.11210000419207208,0.05488920607864231,0.22202196187142317,0.028365244129670873,0.0016831224656581655,0.009080936662873778,0.14875870181997133,1.0,0.20943255062990432,-0.01492937723536961,0.08105907493964097,,0.003986216703031482,0.02724781112619063,0.002353757655294375,0.020558810781649454,,0.5809993797745762,-0.0016831224656581655,0.004749244984285062,0.2553260562677399,0.27274663308334446,,,0.09479257348106145,0.11567392262246483,-0.01300674706834389,-0.01196590133323526
ocf_to_assets,0.17102812625027883,0.17169097811929396,-0.305203639090337,0.1294806080815575,-0.19551361681862084,0.3754334806432251,0.13677721647644284,0.047311602456815816,0.08334954947084394,0.0839940816880273,0.20943255062990432,1.0,0.3896413374183119,0.33797831154277214,,0.18116931650362894,0.10979292570644454,0.060231567249046894,0.07562467922750478,,0.1723609107202801,-0.047311602456815816,-0.04398455960331637,0.48364329643942783,0.29606439550082086,,,0.13187037250793343,0.14201471953709793,0.004336641799849593,0.024607905641064333
ocf_to_net_profit,-0.12553547183886518,-0.12369512030038889,0.12862726981572245,-0.005431036494291848,-0.22307428826003073,-0.1291871280817952,-0.019788981753786686,-0.01866862493464064,-0.021481462786537602,-0.3116107874435128,-0.01492937723536961,0.3896413374183119,1.0,0.5973371109297776,,0.27925030811198304,-0.009639807703098774,-0.009003040336680713,-0.018050285679232458,,-0.056625149484875556,0.01866862493464064,0.02625395990841894,-0.36010094392259756,-0.43166542466375263,,,-0.011255192292326058,-0.014050163890589063,-0.011469233823522119,-0.007461853847511372
operating_cash_flow,0.15918023149193966,0.16761666211108192,0.04427186960287064,-0.29071890663404865,0.2459066962086834,0.20369823609464394,-0.05109013931272322,-0.007167865875527205,-0.0405289165437527,-0.005279028338735255,0.08105907493964097,0.33797831154277214,0.5973371109297776,1.0,,-0.2336404160107159,-0.03109888602669074,0.003896281446755554,-0.015479237546573396,,-0.09522235229534042,0.007167865875527205,0.007504870893832051,-0.18406401314722873,-0.055105026005925685,,,-0.25936178464138526,-0.2855597173040304,-0.0011754043074942312,0.009794168005495122
pb,,,,,,,,,,,,,,,1.0,,,,,,,,,,,,,,,,
pe,0.10568912776546929,0.10127212185329895,-0.13573342406530536,0.4966269314646513,-0.9377060176426839,-0.1799185737393785,0.18696926611657294,0.03484684866683207,0.12625059850839587,-0.2930228437616257,0.003986216703031482,0.18116931650362894,0.27925030811198304,-0.2336404160107159,,1.0,0.1373994773921717,0.030507157626964394,0.09245650958499207,,0.0975053327559332,-0.03484684866683207,-0.01623909119341373,-0.03194855147782387,-0.22245809220801077,,,0.4556722099075893,0.5013616636632778,0.016586503762003865,0.009535087296764595
price_vs_ma120,0.3179324689512016,0.22370463044952568,-0.00655134255529497,-0.07012220017652795,-0.15513035030856964,0.08599000701509724,0.8265310567312444,0.5956565508773295,0.8841989481949222,0.08912090573897545,0.02724781112619063,0.10979292570644454,-0.009639807703098774,-0.03109888602669074,,0.1373994773921717,1.0,0.5153299551824422,0.8459408798678458,,0.04575964892666093,-0.5956565508773295,-0.3117870612967271,0.08118087669924663,0.12049983685194887,,,0.2736516560594002,0.2020005833072794,0.26435012229015586,0.12283818611170087
price_vs_ma20,0.047256253832216565,-0.012575902729939496,-0.00713562438264398,-0.22173240355198165,-0.03175001800872463,0.07899518256476773,0.3064009031375487,0.7982369456376572,0.41689096944645065,0.06739393402004461,0.002353757655294375,0.060231567249046894,-0.009003040336680713,0.003896281446755554,,0.030507157626964394,0.5153299551824422,1.0,0.7004532720600564,,0.010748367277923367,-0.7982369456376572,-0.7246065925697179,0.0596733077958353,0.06453831796169322,,,0.03200472260896389,-0.0712493886939969,0.20011752880552044,0.4326667156903758
price_vs_ma60,0.2243357053629552,0.08041826144199243,-0.007463118615195342,-0.19859893188155642,-0.10641825922615063,0.08576283190989992,0.5443532311577806,0.7917033932621144,0.8089163784100344,0.08273764801467548,0.020558810781649454,0.07562467922750478,-0.018050285679232458,-0.015479237546573396,,0.09245650958499207,0.8459408798678458,0.7004532720600564,1.0,,0.033708772037189194,-0.7917033932621141,-0.4336393976036315,0.07400254681107142,0.09518802892973592,,,0.21961799444088448,0.059550823197788684,0.42823555586761136,0.20534067266936065
ps,,,,,,,,,,,,,,,,,,,,1.0,,,,,,,,,,,
revenue_growth,0.1636300241499848,0.16965557234605635,-0.12588149979752603,0.22551474332791185,-0.04608709283402593,0.13527718000622893,0.07306328229061967,0.007917044127673226,0.034528535739808144,0.04990082379439267,0.5809993797745762,0.1723609107202801,-0.056625149484875556,-0.09522235229534042,,0.0975053327559332,0.04575964892666093,0.010748367277923367,0.033708772037189194,,1.0,-0.007917044127673226,0.00549601291449321,0.2902558799002359,0.31187431717939634,,,0.20276990218070257,0.23205755936074765,0.010592088360676877,0.011514908272069002
reversal_20,-0.13370119707008246,-0.01887557196909952,0.013682516395620509,0.17516393750222337,0.042568008998849764,-0.07339685385928016,-0.3559643380621882,-1.0,-0.5067536220077996,-0.05072798100018725,-0.0016831224656581655,-0.047311602456815816,0.01866862493464064,0.007167865875527205,,-0.03484684866683207,-0.5956565508773295,-0.7982369456376572,-0.7917033932621141,,-0.007917044127673226,1.0,0.44780643070037346,-0.05313310931374711,-0.07224955436659397,,,-0.1681856025801068,-0.00226956294819843,-0.3786882402923742,-0.29029202846143076
reversal_5,-0.0005610780841679546,0.015006820507035798,0.007363568224674497,0.17649158909719573,0.022975855987182693,-0.05566583252179037,-0.18070089740414275,-0.44780643070037346,-0.2395363648719168,-0.07012148145767334,0.004749244984285062,-0.04398455960331637,0.02625395990841894,0.007504870893832051,,-0.01623909119341373,-0.3117870612967271,-0.7246065925697179,-0.4336393976036315,,0.00549601291449321,0.44780643070037346,1.0,-0.05690983134003595,-0.058481058846921355,,,0.03923836729485194,0.08555280804418867,-0.057756638622939414,-0.31936141010546265
roa,0.19002435687407931,0.18692296849907594,-0.42952099792977416,0.17172049748862972,0.09826861416473896,0.519612547281379,0.11903419006605408,0.05313310931374711,0.07741741611086496,0.3655869975742437,0.2553260562677399,0.48364329643942783,-0.36010094392259756,-0.18406401314722873,,-0.03194855147782387,0.08118087669924663,0.0596733077958353,0.07400254681107142,,0.2902558799002359,-0.05313310931374711,-0.05690983134003595,1.0,0.6945129500816922,,,0.17106547156942717,0.18848764627167527,0.012171550138465048,0.02369629667062824
roe,0.34009855120384597,0.33758969069030037,-0.2575542858094067,0.08593263557832122,0.30013641643417066,0.47331411713023697,0.14386989989687088,0.07224955436659397,0.10342689860703626,0.5944099748772763,0.27274663308334446,0.29606439550082086,-0.43166542466375263,-0.055105026005925685,,-0.22245809220801077,0.12049983685194887,0.06453831796169322,0.09518802892973592,,0.31187431717939634,-0.07224955436659397,-0.058481058846921355,0.6945129500816922,1.0,,,0.12357117278209835,0.12057446890751713,0.017831750869225074,0.055455862092322485
turnover_20,,,,,,,,,,,,,,,,,,,,,,,,,,1.0,,,,,
turnover_60,,,,,,,,,,,,,,,,,,,,,,,,,,,1.0,,,,
volatility_20,0.47787564939978394,0.37053243171756517,-0.12280170919668872,0.7094500406990748,-0.4798895344834291,-0.11606404970417397,0.26402673766589907,0.1681856025801068,0.26346537858222424,-0.15852897784638537,0.09479257348106145,0.13187037250793343,-0.011255192292326058,-0.25936178464138526,,0.4556722099075893,0.2736516560594002,0.03200472260896389,0.21961799444088448,,0.20276990218070257,-0.1681856025801068,0.03923836729485194,0.17106547156942717,0.12357117278209835,,,1.0,0.8103377715763843,0.405505936217278,-0.0009205012691538622
volatility_60,0.4616306505985787,0.4731227113795177,-0.1275002513619037,0.9132127607958681,-0.5254205180608028,-0.14713384582229172,0.26942779234165726,0.00226956294819843,0.20674101322786695,-0.17626617458851032,0.11567392262246483,0.14201471953709793,-0.014050163890589063,-0.2855597173040304,,0.5013616636632778,0.2020005833072794,-0.0712493886939969,0.059550823197788684,,0.23205755936074765,-0.00226956294819843,0.08555280804418867,0.18848764627167527,0.12057446890751713,,,0.8103377715763843,1.0,0.013725642865411641,-0.06697638262166272
volume_ratio_20_60,0.23992718695321077,-0.03225004843866024,-0.005709095054571888,-0.07800626417888015,-0.014664051778321616,0.018979267350713626,0.095867616477694,0.3786882402923742,0.2603859248558871,0.00686294296755677,-0.01300674706834389,0.004336641799849593,-0.011469233823522119,-0.0011754043074942312,,0.016586503762003865,0.26435012229015586,0.20011752880552044,0.42823555586761136,,0.010592088360676877,-0.3786882402923742,-0.057756638622939414,0.012171550138465048,0.017831750869225074,,,0.405505936217278,0.013725642865411641,1.0,0.050261621262190664
volume_ratio_5_20,-0.019126900279869446,-0.0308787186837292,0.001440285192457002,-0.08966255794438281,-0.008760468395398884,0.05261303645312231,0.0577949806784927,0.29029202846143076,0.07844314155476338,0.06076182887261471,-0.01196590133323526,0.024607905641064333,-0.007461853847511372,0.009794168005495122,,0.009535087296764595,0.12283818611170087,0.4326667156903758,0.20534067266936065,,0.011514908272069002,-0.29029202846143076,-0.31936141010546265,0.02369629667062824,0.055455862092322485,,,-0.0009205012691538622,-0.06697638262166272,0.050261621262190664,1.0
