factor,n,mean,block,n_resamples,confidence,ci_low,ci_high,iid_ci_low,iid_ci_high,ci_width,iid_ci_width
limit_up_count_20,44,-0.00017634922076696394,3,1000,0.95,-0.014551178423602311,0.01568879322168684,-0.015569207708594981,0.013483599783489982,0.03023997164528915,0.029052807492084963
max_return_20,44,0.00010856964543286164,3,1000,0.95,-0.004749635163857966,0.0044964300642327025,-0.0044349211570503,0.004238371174579701,0.009246065228090669,0.00867329233163
parkinson_vol_20,44,0.0005489115096556221,3,1000,0.95,-0.003831615734161771,0.0047659591709273245,-0.003639960709061011,0.005045712556079212,0.008597574905089096,0.008685673265140224
momentum_20,44,0.0020284461677182986,3,1000,0.95,-0.002176577192157601,0.006083339847500082,-0.001831796472063058,0.005705748516607471,0.008259917039657684,0.007537544988670529
price_vs_ma60,44,-0.0015115199540248056,3,1000,0.95,-0.005877513576214644,0.003448624542506488,-0.00616575477598281,0.0028442274499328544,0.009326138118721131,0.009009982225915664
volatility_60,44,-0.0015186912157721345,3,1000,0.95,-0.0065818143131893695,0.0033343555727828864,-0.005664405549396606,0.002955307705163874,0.009916169885972256,0.00861971325456048
gap_count_20,44,0.01495742971902627,3,1000,0.95,-0.009634120194324617,0.0392194213989231,-0.009425549320799774,0.03874581856386418,0.048853541593247715,0.04817136788466395
price_vs_ma120,44,-0.002000550137547946,3,1000,0.95,-0.007771895321384735,0.0036523210977289617,-0.007091380025321443,0.003469124393461188,0.011424216419113696,0.010560504418782632
downside_volatility_60,44,0.00044639029024130973,3,1000,0.95,-0.004307396214045528,0.004931981185879422,-0.0038269589869502378,0.005263544161908116,0.00923937739992495,0.009090503148858353
volume_price_corr_20,44,0.001577890523880107,3,1000,0.95,-0.004108134770246128,0.0068833810487768906,-0.0029792195781284778,0.006351741594733689,0.01099151581902302,0.009330961172862166
limit_down_count_20,44,0.0026442145870861264,3,1000,0.95,-0.017279256562142374,0.01751913520706393,-0.022029390371231007,0.023416415949524195,0.03479839176920631,0.045445806320755205
kurtosis_60,44,-0.0029990980628222547,3,1000,0.95,-0.008012130137116996,0.0016309737468722376,-0.00817299944911176,0.0018441874261947082,0.009643103883989233,0.010017186875306469
amihud_20,44,0.0031476083109434924,3,1000,0.95,-0.0018672679863596057,0.007961927794200381,-0.0018470517943639964,0.007788556705260144,0.009829195780559987,0.009635608499624141
momentum_120,44,0.0007850268336307919,3,1000,0.95,-0.005092337607109005,0.007001147634104292,-0.005061094515104013,0.006737122282087838,0.012093485241213297,0.011798216797191851
skewness_60,44,0.001661079503052061,3,1000,0.95,-0.0031680598748798855,0.006774037253170165,-0.002217287078011073,0.005934027385779132,0.00994209712805005,0.008151314463790206
high_52w_proximity,44,0.0020770680085298618,3,1000,0.95,-0.003921959777890946,0.00854564234751951,-0.004445757915977312,0.008476773589040544,0.012467602125410458,0.012922531505017855
amount_60,44,0.0006151450008971943,3,1000,0.95,-0.003937151824989612,0.005174617605633062,-0.003421174437225839,0.004814279958240406,0.009111769430622675,0.008235454395466245
overnight_intraday_ratio_20,44,-0.003345251564812905,3,1000,0.95,-0.00862851030074942,0.0016709111424362422,-0.007715227112418124,0.0013248003001828188,0.010299421443185663,0.009040027412600942
overnight_return_20,44,0.001035994165850875,3,1000,0.95,-0.004528821974642424,0.00614810205579108,-0.00367586489931141,0.00572847264851951,0.010676924030433504,0.00940433754783092
intraday_return_20,44,0.000780062694226395,3,1000,0.95,-0.004370555525137699,0.006395289571624829,-0.0036325339259052473,0.005815246401195392,0.010765845096762528,0.00944778032710064
