n_dates,n_folds,delta_ic_mean,delta_ic_median,delta_ic_std,delta_icir,delta_ic_positive_ratio,delta_rank_ic_mean,delta_rank_ic_median,delta_rank_ic_std,delta_rank_icir,delta_rank_ic_positive_ratio,ic0_mean,ic1_mean,rank_ic0_mean,rank_ic1_mean,positive_fold_ratio,n_positive_folds,prediction_corr,prediction_delta,topk_turnover,factor,max_corr_existing,max_corr_with,r2_existing,corr_threshold,r2_threshold,redundant,redundant_reason,residual_ic_mean,residual_icir,coverage,turnover,raw_icir,raw_ic_mean,evidence_score,total_weight,gates_passed,gates_failed,status
44,4,0.01495742971902627,-0.0006118632289823893,0.08292142295621391,0.18038076513622348,0.5,0.014733292303231877,-0.004980035578392477,0.0966305144146148,0.15247039087482653,0.5,0.036841841810721546,0.05179927152974781,0.04896982023673064,0.06370311253996253,0.75,3,0.39755434200202144,0.7979817523298334,0.8613636363636362,gap_count_20,0.02249800824551062,volatility_20,0.2748768226305906,0.85,0.9,False,,-0.006611389606070069,-0.1448007220317879,1.0,0.31785871142654204,0.38224227891976625,0.014683809528223889,0.46046378427418605,1.0,9,[],PASS
44,4,0.0020770680085298618,0.0033847872493446944,0.022362873102278094,0.09288019473304045,0.6136363636363636,0.003713497563079975,0.005408232281133518,0.02370125212750996,0.15667938314405472,0.5681818181818182,0.036841841810721546,0.0389189098192514,0.04896982023673064,0.052683317799810614,0.75,3,0.8659697116595494,0.3548836566975312,0.4920454545454545,high_52w_proximity,0.5946858543647693,momentum_60,0.7631365156902792,0.85,0.9,False,,0.022132742661960005,0.307988033661339,0.9892773717843384,0.6704032194090811,0.05850893477314913,0.009802874946484427,0.40499408495189404,1.0,9,[],PASS
44,4,0.0031476083109434924,0.0054531941276291535,0.01601552909014871,0.1965347690498476,0.6136363636363636,0.0019220034872695876,0.0036895781702781343,0.016071881847123007,0.119587955259492,0.5681818181818182,0.036841841810721546,0.03998945012166502,0.04896982023673064,0.05089182372400023,0.5,2,0.9029146622674553,0.2985821815125281,0.38522727272727275,amihud_20,0.918514394130187,amount_20,0.9616921919517912,0.85,0.9,True,原始秩相关 0.92 >= 0.85 且 R² 0.96 >= 0.9,-0.00338340061899741,-0.0631201703161709,0.9970094727642302,0.803917046230372,-0.2006270148096036,-0.033985198215461636,0.37079321260347303,1.0,8,['gate9_not_redundant'],REJECT
44,4,0.0020284461677182986,9.67722514273843e-05,0.013303524434985082,0.15247434449655847,0.5,0.0027863519361447917,0.0005979610763602802,0.012928362305968579,0.2155224204119364,0.5227272727272727,0.036841841810721546,0.03887028797843984,0.04896982023673064,0.051756172172875446,0.5,2,0.9072035710026828,0.2916779705452497,0.4000000000000001,momentum_20,1.0,reversal_20,1.0,0.85,0.9,True,原始秩相关 1.00 >= 0.85 且 R² 1.00 >= 0.9,0.008016992159590295,0.05704881797476264,0.9866769598262639,0.8985473146000854,-0.5013895618228306,-0.06951593752776981,0.34224291938163226,1.0,8,['gate9_not_redundant'],REJECT
44,4,0.001035994165850875,0.0011050936849394295,0.015731408653980285,0.06585514295878092,0.5454545454545454,0.0012914458180624394,0.00020054775966584035,0.014346187182067883,0.09002014275100852,0.5,0.036841841810721546,0.0378778359765724,0.04896982023673064,0.05026126605479309,0.75,3,0.9076864686696381,0.290775788751486,0.38977272727272727,overnight_return_20,0.15905960624686138,volatility_20,0.4308402663346503,0.85,0.9,False,,-0.01196669086421322,-0.24771979138071884,0.9952295499403604,0.37330480839122976,-0.03195463187250429,-0.0029572377197060553,0.3375827753380538,1.0,9,[],PASS
44,4,0.001661079503052061,-0.0008290202756271736,0.013885519865553798,0.11962674204029969,0.4772727272727273,0.0023773947619123133,-0.001639181950089363,0.013842829476738868,0.1717419669083713,0.4772727272727273,0.036841841810721546,0.03850292131377359,0.04896982023673064,0.05134721499864296,0.5,2,0.9105797547025436,0.28642605976410307,0.35000000000000003,skewness_60,0.2901184190682477,momentum_60,0.6906856816686137,0.85,0.9,False,,-0.0010499382038829436,-0.021664341746084816,1.0,0.7210322147690404,-0.09431176992487804,-0.006756951889779514,0.31984163976342855,1.0,9,[],PASS
44,4,0.001577890523880107,-0.0018506161436057933,0.016194291531467054,0.09743498323555033,0.45454545454545453,0.001496288086604225,-0.0038798811549713708,0.017744334215617597,0.0843248367857766,0.4318181818181818,0.036841841810721546,0.03841973233460165,0.04896982023673064,0.05046610832333487,0.75,3,0.8991124792522103,0.30402009524396334,0.42613636363636365,volume_price_corr_20,0.4543361086396026,reversal_20,0.8062059369496816,0.85,0.9,False,,-0.006960014469587458,-0.1615664342828734,0.9907710485340934,0.8952789107681942,-0.3150977940947585,-0.02764109576284923,0.3179368019344799,1.0,9,[],PASS
44,4,0.0007850268336307919,0.0031378891483724272,0.019744471404976198,0.03975932389017726,0.5454545454545454,0.0018957955254573472,0.0069792583758111135,0.023639033937549073,0.08019767349485457,0.6136363636363636,0.036841841810721546,0.03762686864435233,0.04896982023673064,0.050865615762187996,0.75,3,0.8824395886485346,0.3302051831263958,0.44431818181818183,momentum_120,0.6316033717674167,momentum_60,0.7516429278331941,0.85,0.9,False,,0.0025210936504939446,0.026570263119418378,0.9733927190234919,0.5499752873570585,-0.13799839856439816,-0.022592762165006833,0.30023188714235777,1.0,9,[],PASS
44,4,0.0026442145870861264,0.008404506553136223,0.0779246189086038,0.033932980669273104,0.5454545454545454,0.002247144284243448,0.007443842496821802,0.08231684857808068,0.0272987161566559,0.5681818181818182,0.036841841810721546,0.03948605639780766,0.04896982023673064,0.0512169645209741,0.75,3,0.6273053088611378,0.6054917952914901,0.6863636363636364,limit_down_count_20,0.38073193273613765,volatility_20,0.5859011533305072,0.85,0.9,False,,0.010697585963716694,0.18021111909055484,1.0,0.7624861751348891,-0.29506967168617193,-0.032252269495861886,0.2727703634519881,1.0,9,[],PASS
44,4,0.0006151450008971943,0.003336318803600216,0.013799854648158041,0.04457619421225584,0.6136363636363636,0.0013109700187537167,0.001719315854012849,0.011855903267184853,0.11057529647549177,0.5454545454545454,0.036841841810721546,0.037456986811618735,0.04896982023673064,0.05028079025548437,0.5,2,0.9041191994402253,0.297768565498934,0.4034090909090909,amount_60,0.9544134229460737,amount_20,0.9804830961609163,0.85,0.9,True,原始秩相关 0.95 >= 0.85 且 R² 0.98 >= 0.9,0.0014130552220584412,0.02389410679203864,0.9440088898111471,0.2680707926473601,0.043518658086060896,0.005915031675216426,0.26832042844685894,1.0,8,['gate9_not_redundant'],REJECT
44,4,0.00044639029024130973,-0.0003469710726992786,0.015425001481183264,0.028939400154084576,0.4772727272727273,0.0011972540476910998,0.000638372064776801,0.014290529036556518,0.08377954690329598,0.5227272727272727,0.036841841810721546,0.037288232100962854,0.04896982023673064,0.05016707428442175,0.75,3,0.8869449512210562,0.32451638297187835,0.4340909090909091,downside_volatility_60,0.707851889371781,volatility_20,0.9235576287824195,0.85,0.9,False,,-0.01776461814344541,-0.3108682535553219,1.0,0.5651407846746024,-0.3561839123710251,-0.06733175185908602,0.26697086420943433,1.0,9,[],PASS
44,4,0.000780062694226395,-0.0010092755852842278,0.016260637337066182,0.04797245508011173,0.4318181818181818,-0.0002858819562959523,0.000597485092901715,0.014460006110670979,-0.019770528041822985,0.5227272727272727,0.036841841810721546,0.037621904504947935,0.04896982023673064,0.04868393828043471,0.5,2,0.9068426093583641,0.2915719949768989,0.39318181818181824,intraday_return_20,0.15765213508716402,volatility_20,0.4305468691687283,0.85,0.9,False,,0.008753328708980879,0.18468808899668768,0.9970094727642302,0.24753306776634504,0.025546661587490263,0.0023617102228216023,0.2504754893394883,1.0,7,"['gate1_research_direction', 'gate4_inc_rankic_not_negative']",REJECT
44,4,-0.003345251564812905,-0.006384269122087463,0.01518722293358986,-0.22026749587076586,0.38636363636363635,-0.003485040254491747,-0.004597351263391607,0.014102630880238888,-0.24711986607939307,0.38636363636363635,0.036841841810721546,0.03349659024590863,0.04896982023673064,0.0454847799822389,0.5,2,0.9077353865769564,0.2907877876096452,0.3840909090909091,overnight_intraday_ratio_20,0.1595052424780427,volatility_20,0.4308274734849572,0.85,0.9,False,,-0.011947365558930516,-0.24720337319552518,0.9952295499403604,0.37362899890906554,-0.03410288869253404,-0.0031523319759714542,0.22171586579393157,1.0,6,"['gate1_research_direction', 'gate3_inc_ic_not_negative', 'gate4_inc_rankic_not_negative']",REJECT
44,4,0.0005489115096556221,0.00021380279208821958,0.015141494167220016,0.03625213625508416,0.5227272727272727,0.000381094984601978,0.00037009390131524395,0.012773757746593867,0.029834211056930154,0.5,0.036841841810721546,0.03739075332037716,0.04896982023673064,0.04935091522133262,0.5,2,0.8975872251782047,0.3092105144630051,0.43181818181818177,parkinson_vol_20,0.9121122496969643,volatility_20,0.9542976886419823,0.85,0.9,True,原始秩相关 0.91 >= 0.85 且 R² 0.95 >= 0.9,-0.026300490307239906,-0.4130724393553187,0.9970094727642302,0.7381772157614818,-0.535809331899799,-0.09831451793346717,0.20885898303599193,1.0,8,['gate9_not_redundant'],REJECT
44,4,-0.00017634922076696394,0.0021482927623989413,0.04924477316786302,-0.0035810748922699654,0.5227272727272727,-0.0002560840517786305,0.006655734735869671,0.06072039335833494,-0.004217430711744203,0.5454545454545454,0.036841841810721546,0.03666549258995458,0.04896982023673064,0.04871373618495201,0.5,2,0.6597130007263828,0.5820852345066546,0.6988636363636364,limit_up_count_20,0.5992655828820893,volatility_20,0.7286480599720638,0.85,0.9,False,,-0.002147675456364562,-0.045344392008309885,1.0,0.8439220892084301,-0.733145540595776,-0.086825103097832,0.19585014616801452,1.0,6,"['gate1_research_direction', 'gate3_inc_ic_not_negative', 'gate4_inc_rankic_not_negative']",REJECT
44,4,0.00010856964543286164,0.0018614705448797494,0.014817880808886744,0.007326934723874216,0.5227272727272727,-0.0005373423713915509,0.0011417440495674405,0.014522286438272946,-0.03700122385517786,0.5,0.036841841810721546,0.0369504114561544,0.04896982023673064,0.04843247786533911,0.5,2,0.9024999332198471,0.2986603408725545,0.4,max_return_20,0.903021906944434,volatility_20,0.9709162546197384,0.85,0.9,True,原始秩相关 0.90 >= 0.85 且 R² 0.97 >= 0.9,0.00019708095349487133,0.004537150990621983,1.0,0.8328980928336336,-0.6228323575180604,-0.09162974142576563,0.17988904661030802,1.0,6,"['gate1_research_direction', 'gate4_inc_rankic_not_negative', 'gate9_not_redundant']",REJECT
44,4,-0.0015115199540248056,-0.0027945330662061917,0.015179400674201251,-0.09957705093019706,0.4318181818181818,-0.0012470804630382022,-0.004081089010678688,0.01373493508393247,-0.09079624005628345,0.45454545454545453,0.036841841810721546,0.03533032185669674,0.04896982023673064,0.04772273977369244,0.5,2,0.8951428061667507,0.3112336309917222,0.4397727272727273,price_vs_ma60,0.8022304840496766,momentum_60,0.9999999978351556,0.85,0.9,False,,0.0030145062781805304,0.02132829429395807,0.9440088898111471,0.7823460657649502,-0.4669226374660355,-0.07346199820591197,0.16678829457395375,1.0,6,"['gate1_research_direction', 'gate3_inc_ic_not_negative', 'gate4_inc_rankic_not_negative']",REJECT
44,4,-0.0015186912157721345,-0.0028979022905364707,0.014677642669166623,-0.10346969537298074,0.45454545454545453,0.00033254938418109353,0.0012391118283093736,0.014012425624988395,0.023732463820400757,0.5227272727272727,0.036841841810721546,0.0353231505949494,0.04896982023673064,0.04930236962091173,0.25,1,0.8907641752340467,0.3189486299705939,0.4352272727272728,volatility_60,0.8076164778147797,volatility_20,0.9409472790471638,0.85,0.9,False,,-0.023369387614475726,-0.3910056780379512,0.9433146875417945,0.5576984489695179,-0.4611787453982796,-0.08481388734560014,0.15612548287319022,1.0,6,"['gate1_research_direction', 'gate2_min_positive_folds', 'gate3_inc_ic_not_negative']",REJECT
44,4,-0.0029990980628222547,-0.001802844906005862,0.01630798956655983,-0.18390360446219703,0.4318181818181818,-0.0027101702561888106,-0.0016086639468255127,0.014908087354463544,-0.18179194901064047,0.45454545454545453,0.036841841810721546,0.03384274374789928,0.04896982023673064,0.046259649980541835,0.25,1,0.9088466854780789,0.2886655832785245,0.3886363636363636,kurtosis_60,0.12398785373072005,amount_20,0.7869465107506286,0.85,0.9,False,,0.0030106638298932694,0.06974459500665389,1.0,0.7101187315799214,0.26407233561881993,0.02724435374508181,0.1515554729357705,1.0,5,"['gate1_research_direction', 'gate2_min_positive_folds', 'gate3_inc_ic_not_negative', 'gate4_inc_rankic_not_negative']",REJECT
44,4,-0.002000550137547946,0.00015071339456975167,0.017368555256462255,-0.11518229973696911,0.5,-0.0011471749644036606,0.0021292587336239894,0.01797691454829621,-0.0638137852478353,0.5681818181818182,0.036841841810721546,0.0348412916731736,0.04896982023673064,0.047822645272326984,0.25,1,0.8885491010884434,0.3225088238745946,0.44431818181818183,price_vs_ma120,0.8777494032858635,momentum_60,0.9281402689033994,0.85,0.9,True,原始秩相关 0.88 >= 0.85 且 R² 0.93 >= 0.9,0.00014310088254681843,0.0018931669425137705,0.9031497541631678,0.6676779679112738,-0.3582339968737565,-0.05562146077148538,0.1460270438115541,1.0,4,"['gate1_research_direction', 'gate2_min_positive_folds', 'gate3_inc_ic_not_negative', 'gate4_inc_rankic_not_negative', 'gate9_not_redundant']",REJECT
