factor,fold,delta_ic_mean,delta_rank_ic_mean,n_dates
limit_up_count_20,fold1,0.012313497810151659,0.01635918287061284,11
limit_up_count_20,fold2,0.009591868670221423,0.020135967114258645,11
limit_up_count_20,fold3,-0.013260181714457553,-0.01673547000814125,11
limit_up_count_20,fold4,-0.009350581648983386,-0.020784016183844758,11
max_return_20,fold1,-0.005544737231550458,-0.0029141659680761416,11
max_return_20,fold2,0.0004299272157601696,0.0018245477624324652,11
max_return_20,fold3,0.006593427994884396,0.0021789133567923476,11
max_return_20,fold4,-0.0010443393973626613,-0.003238664636714875,11
parkinson_vol_20,fold1,-0.004491276521410897,-0.0036989883833405904,11
parkinson_vol_20,fold2,0.002703350335033937,0.004036436419278839,11
parkinson_vol_20,fold3,0.004649402297333293,0.0003964731429417305,11
parkinson_vol_20,fold4,-0.0006658300723338436,0.0007904587595279338,11
momentum_20,fold1,-0.003407244399418027,0.0018037654213146972,11
momentum_20,fold2,0.00589635339571963,0.0064780670905490445,11
momentum_20,fold3,0.007900503173343027,0.006783812437177161,11
momentum_20,fold4,-0.0022758274987714332,-0.003920237204461738,11
price_vs_ma60,fold1,-0.0043687855592165785,-0.0025332590019787535,11
price_vs_ma60,fold2,-0.007392959627577401,-0.0029301291129087553,11
price_vs_ma60,fold3,0.004885875234264006,0.002709464932047723,11
price_vs_ma60,fold4,0.0008297901364307525,-0.0022343986693130207,11
volatility_60,fold1,-0.003688678929275938,-0.0023301189650919204,11
volatility_60,fold2,-0.006304351879567138,-0.0035740642120963588,11
volatility_60,fold3,0.006684534340764368,0.006719877545664863,11
volatility_60,fold4,-0.002766268395009829,0.0005145031682477895,11
gap_count_20,fold1,0.027985806509093717,0.01040969490154015,11
gap_count_20,fold2,-0.02498835245055272,-0.023595711241008108,11
gap_count_20,fold3,0.007997280977294416,0.019495099347845882,11
gap_count_20,fold4,0.04883498384026968,0.05262408620454961,11
price_vs_ma120,fold1,-0.00400804739304402,-0.0028195920019370093,11
price_vs_ma120,fold2,-0.0026787327684820034,0.0017184086037107425,11
price_vs_ma120,fold3,-0.0038707726154422724,-0.006782029238171678,11
price_vs_ma120,fold4,0.002555352226776511,0.0032945127787833025,11
downside_volatility_60,fold1,-0.007875709932992596,-0.006286447978667179,11
downside_volatility_60,fold2,0.00105845223783601,0.0018546774547715647,11
downside_volatility_60,fold3,0.006991571383646045,0.00684466944907777,11
downside_volatility_60,fold4,0.001611247472475779,0.0023761172655822433,11
volume_price_corr_20,fold1,-0.003434047301547998,0.001460463738817768,11
volume_price_corr_20,fold2,0.003547248768416253,0.001538166792972534,11
volume_price_corr_20,fold3,0.005868509524553574,0.00387531322735272,11
volume_price_corr_20,fold4,0.0003298511040985994,-0.0008887914127261246,11
limit_down_count_20,fold1,0.023722184979969984,0.02902600182494391,11
limit_down_count_20,fold2,0.010807403784318246,0.016082104753890766,11
limit_down_count_20,fold3,0.006149220422781366,0.0020526574065987684,11
limit_down_count_20,fold4,-0.030101950838725088,-0.03817218684845965,11
kurtosis_60,fold1,-0.0072396949037306394,-0.008129721402126932,11
kurtosis_60,fold2,-0.006016473661504049,-0.003801835630467253,11
kurtosis_60,fold3,0.0059880367613277755,0.005968677214127655,11
kurtosis_60,fold4,-0.004728260447382108,-0.004877801206288713,11
amihud_20,fold1,-0.0013507724029493441,0.00012077717712027514,11
amihud_20,fold2,0.0042148468691164,0.0036027420026529047,11
amihud_20,fold3,0.01019370011226097,0.0040073573604047915,11
amihud_20,fold4,-0.0004673413346540569,-4.286259109961927e-05,11
momentum_120,fold1,0.0008996070100717315,0.003560934124265691,11
momentum_120,fold2,0.0037868694994994557,0.004525774681984124,11
momentum_120,fold3,-0.002260427809867956,-0.004002887280606221,11
momentum_120,fold4,0.0007140586348199363,0.003499360576185794,11
skewness_60,fold1,-0.003284035441730432,-0.0020768710796562613,11
skewness_60,fold2,-0.004566993289175369,-0.0005430049651917027,11
skewness_60,fold3,0.006642378239556933,0.003967265778941443,11
skewness_60,fold4,0.00785296850355711,0.008162189313555779,11
high_52w_proximity,fold1,-0.0003211310991259797,0.003514163737165094,11
high_52w_proximity,fold2,0.0005779820334171185,-0.0008380861561570203,11
high_52w_proximity,fold3,0.0016023578131076487,0.0026543231104304704,11
high_52w_proximity,fold4,0.00644906328672066,0.009523589560881358,11
amount_60,fold1,-0.006976772007840568,-0.0038896079814195305,11
amount_60,fold2,0.0017671640291616524,0.001258012722281175,11
amount_60,fold3,0.01132038406740206,0.007904063111110155,11
amount_60,fold4,-0.0036501960851343693,-2.8587776956931615e-05,11
overnight_intraday_ratio_20,fold1,-0.011859451651970958,-0.009342357843761787,11
overnight_intraday_ratio_20,fold2,0.00478055777373474,0.004743883603173901,11
overnight_intraday_ratio_20,fold3,0.0008314699448013805,-0.005465238701815468,11
overnight_intraday_ratio_20,fold4,-0.007133582325816781,-0.0038764480755636294,11
overnight_return_20,fold1,-0.012545155983852476,-0.007210424499050988,11
overnight_return_20,fold2,0.005635029761817526,0.005280276100625719,11
overnight_return_20,fold3,0.009957599358485152,0.004849960717630978,11
overnight_return_20,fold4,0.0010965035269532991,0.0022459709530440503,11
intraday_return_20,fold1,-0.007181786444858712,-0.003610449060815352,11
intraday_return_20,fold2,-0.001327301028485303,-0.0021579904924960576,11
intraday_return_20,fold3,0.008077131175877644,0.001662373988389993,11
intraday_return_20,fold4,0.003552207074371952,0.0029625377397376083,11
