,amihud_20,amount_20,amount_60,announcement_count_20d,downside_volatility_60,gap_count_20,high_52w_proximity,intraday_return_20,kurtosis_60,limit_down_count_20,limit_up_count_20,max_return_20,momentum_120,momentum_20,momentum_60,news_risk_20d,overnight_intraday_ratio_20,overnight_return_20,parkinson_vol_20,price_vs_ma120,price_vs_ma20,price_vs_ma60,reversal_20,shareholder_change_count_20d,skewness_60,volatility_20,volatility_60,volume_price_corr_20,volume_ratio_20_60,volume_ratio_5_20
amihud_20,1.0,-0.918514394130187,-0.9221674543823182,-0.12047325701389822,-0.16068149395707632,-0.033408357128977474,-0.16741212768708452,-0.02984233147315392,0.08275936081095778,-0.051234073678063555,-0.05666873339400911,-0.1719474827061561,-0.21178303607148727,-0.034209218452885826,-0.14492955840868454,-0.08235038903658803,0.02845857908214568,0.029495669187130473,-0.18202404666801972,-0.17452913264018177,-0.004983437377530344,-0.10085812683509467,0.034209218452885826,-0.06557788877330539,-0.081088281894383,-0.18140287246313724,-0.21517625978901342,-0.10161129730493013,-0.08626500972296958,0.03662586264298631
amount_20,-0.918514394130187,1.0,0.9544134229460737,0.12354459772882692,0.3823688092789211,-0.01771247382171266,0.14171570891104618,-0.033867673827842025,-0.12398785373072005,0.18841805147714336,0.27037228921848616,0.45127799184612066,0.27704784705911,0.09405064986348104,0.2243235404466224,0.08317853528064427,0.03552393224635845,0.03478780700706811,0.4744384771645338,0.254074353615267,0.011955309901559059,0.17168604427608983,-0.09405064986348104,0.0669912659881796,0.1559775566161735,0.4814612698982363,0.4615756444480468,0.11350374541616226,0.22993761555855322,-0.03659773670971341
amount_60,-0.9221674543823182,0.9544134229460737,1.0,0.11916676315711595,0.4256597314475063,-0.015411302480125108,0.08286064904515297,-0.020454829818385294,-0.1383901926563705,0.1378604347933844,0.15335613965401892,0.32558064489710287,0.24410148094937423,-0.010505658755579284,0.12718934087601255,0.08392198172962069,0.021294357363878844,0.020786069867277573,0.3676037298404218,0.16165386761635783,-0.03862077489450488,0.031535338358292246,0.010505658755579284,0.06765959823048799,0.1359599839358632,0.37452235966839864,0.4747896615452288,0.06893257368799155,-0.03215213690093241,-0.04245673351454195
announcement_count_20d,-0.12047325701389822,0.12354459772882692,0.11916676315711595,1.0,0.03168775730257859,0.02040867655226137,0.0309809221827173,-0.010562557778732367,-0.010113452973572247,0.00799893104303862,0.00668284480184035,0.05364127354539748,0.029340025418539584,0.018128154263638875,0.018647514183224863,0.36316508369312434,0.011258327172167763,0.010754838418044104,0.03676428970687607,0.031276284030791426,0.017250201730658433,0.02581119406853669,-0.018128154263638875,0.2878211101832781,0.018324444780527513,0.04454095823236408,0.03245740503527215,0.01698883293604566,0.019075719242540902,0.043241126403562195
downside_volatility_60,-0.16068149395707632,0.3823688092789211,0.4256597314475063,0.03168775730257859,1.0,0.6561122232252002,-0.27391625657304863,-0.19814977581768398,-0.05912791878558584,0.34806575993014977,0.35649929171866523,0.5379387492206588,0.07968149429007705,-0.16951621229096026,-0.09596048793958564,0.022271003922692913,0.19749162017636482,0.1979473500764962,0.6899563974275477,-0.06128523252239248,-0.21950759538840292,-0.19991438287956598,0.16951621229096026,0.025085910807040642,0.002754989989465527,0.707851889371781,0.9142610420756405,-0.07652748462969455,-0.08296898574068332,-0.10378224463987538
gap_count_20,-0.033408357128977474,-0.01771247382171266,-0.015411302480125108,0.02040867655226137,0.6561122232252002,1.0,-0.005317078631968244,-0.0813118776676228,0.10138067016205993,0.11600994275740353,0.1864554321467534,0.14357767850278758,-0.0019331649071499485,0.0010743188218441503,-0.007248023669396081,0.0025376927210874517,0.0899933797023278,0.08496949615034707,-0.06318164676962197,-0.00436341630564359,0.003340038591196275,-0.0038193652959392903,-0.0010743188218441503,0.011058942313635314,0.06009100477915398,0.02249800824551062,0.031266926625239354,0.024687141998712813,-0.006571112500385934,0.004663132747384062
high_52w_proximity,-0.16741212768708452,0.14171570891104618,0.08286064904515297,0.0309809221827173,-0.27391625657304863,-0.005317078631968244,1.0,0.09471426043601495,-0.0241525395386546,-0.052109221445381965,0.09681692761684488,0.13463392084995285,0.6901180059716261,0.4114978922502284,0.5946858543647693,0.02916926347645579,-0.09133274948880404,-0.09237222195191887,0.03198653824953331,0.7196910821609372,0.3846461522156763,0.5798310454238742,-0.4114978922502284,0.024733239025197182,0.1254092514628518,-0.0016253064001514658,-0.0763104658270158,0.13389400822467296,0.15619744172928776,0.09876889855081883
intraday_return_20,-0.02984233147315392,-0.033867673827842025,-0.020454829818385294,-0.010562557778732367,-0.19814977581768398,-0.0813118776676228,0.09471426043601495,1.0,0.009806614613362742,-0.05008766381871069,-0.04136649108779778,-0.11813407688653747,0.02771814730299779,0.01700460129963967,0.026766592143202508,-0.009439172580519767,-0.9996486302961668,-0.9999701633686068,-0.18749057992978216,0.029988711701695415,0.018535057323913088,0.028131241413896925,-0.01700460129963967,-0.008053445729754069,0.003899498055434773,-0.15765213508716402,-0.17581570483128242,0.012912884975137902,0.015085303085247437,-0.0008472259088334281
kurtosis_60,0.08275936081095778,-0.12398785373072005,-0.1383901926563705,-0.010113452973572247,-0.05912791878558584,0.10138067016205993,-0.0241525395386546,0.009806614613362742,1.0,0.022470694343896754,0.10704766824621825,-0.02647870836238175,-0.11138464691233868,0.014761838663193248,-0.05058333863422023,-0.017640979684045228,-0.009839822008531124,-0.009744094271213442,-0.10953626397630752,-0.07308141210208137,0.022996464375605805,-0.0163624549116825,-0.014761838663193248,-0.014871139082410834,0.2608106575946016,-0.07152580656181359,-0.04621233001704913,0.01580950664176857,0.03432227934501835,-0.0052515202840869996
limit_down_count_20,-0.051234073678063555,0.18841805147714336,0.1378604347933844,0.00799893104303862,0.34806575993014977,0.11600994275740353,-0.052109221445381965,-0.05008766381871069,0.022470694343896754,1.0,0.2911999310348397,0.2521503941000527,0.07778915757904173,-0.08404975869216919,0.06621307242284066,0.0005284819165193673,0.048616807877352994,0.04946797568076585,0.33606403172880955,0.05486381569291414,-0.1346598513433844,-0.007100115472133911,0.08404975869216919,0.005219288843054326,-0.09059122947377117,0.38073193273613765,0.32062645745593193,-0.150838182451834,0.16536734341829692,-0.02177163505639953
limit_up_count_20,-0.05666873339400911,0.27037228921848616,0.15335613965401892,0.00668284480184035,0.35649929171866523,0.1864554321467534,0.09681692761684488,-0.04136649108779778,0.10704766824621825,0.2911999310348397,1.0,0.6252710953598773,0.22111294598520215,0.3310689174635338,0.2804556084231634,0.003231450705416619,0.04401640570376012,0.04376703145659177,0.5240678336982583,0.2966429919128754,0.17439165757688244,0.31962692284644256,-0.3310689174635338,0.007690460631778132,0.3088640606868331,0.5992655828820893,0.4394631865035788,0.10462355934659327,0.38940234062171475,0.04915862615963938
max_return_20,-0.1719474827061561,0.45127799184612066,0.32558064489710287,0.05364127354539748,0.5379387492206588,0.14357767850278758,0.13463392084995285,-0.11813407688653747,-0.02647870836238175,0.2521503941000527,0.6252710953598773,1.0,0.3449932043402664,0.4419187873626927,0.3859590477321727,0.03478001847454697,0.1216836925828541,0.12107920117745763,0.8358650586268326,0.4276389248972556,0.26275800513766606,0.43296883478782344,-0.4419187873626927,0.03443216886481713,0.32554404839758716,0.903021906944434,0.6809181053114679,0.3541084028624739,0.4643681377823437,0.05826553749867452
momentum_120,-0.21178303607148727,0.27704784705911,0.24410148094937423,0.029340025418539584,0.07968149429007705,-0.0019331649071499485,0.6901180059716261,0.02771814730299779,-0.11138464691233868,0.07778915757904173,0.22111294598520215,0.3449932043402664,1.0,0.3458644603926015,0.6316033717674167,0.03558521461582778,-0.02456958011153064,-0.025451729891842873,0.3147872285019136,0.8138850642784449,0.2935330162027107,0.5252071959569093,-0.3458644603926015,0.0333173315894003,0.17950152891193513,0.26803067042106415,0.28121638338380484,0.1242000627729608,0.08866815772008621,0.04551692631315349
momentum_20,-0.034209218452885826,0.09405064986348104,-0.010505658755579284,0.018128154263638875,-0.16951621229096026,0.0010743188218441503,0.4114978922502284,0.01700460129963967,0.014761838663193248,-0.08404975869216919,0.3310689174635338,0.4419187873626927,0.3458644603926015,1.0,0.49655431532923877,0.01210739211582141,-0.01033765839669314,-0.012145489473097583,0.18121000810026255,0.5874810466890447,0.7967943761586831,0.785003455822736,-1.0,0.012418638890361699,0.1393251359871776,0.17193044478405653,0.005646062542914807,0.4543361086396026,0.3696111033724348,0.2922572547486524
momentum_60,-0.14492955840868454,0.2243235404466224,0.12718934087601255,0.018647514183224863,-0.09596048793958564,-0.007248023669396081,0.5946858543647693,0.026766592143202508,-0.05058333863422023,0.06621307242284066,0.2804556084231634,0.3859590477321727,0.6316033717674167,0.49655431532923877,1.0,0.022262508817241605,-0.02282311815841855,-0.023876048899770092,0.3096758019697811,0.8777494032858635,0.40501810115108033,0.8022304840496766,-0.49655431532923877,0.022577345714513482,0.2901184190682477,0.2651025264707559,0.20572240497580682,0.19799088899597322,0.2681679513107657,0.06502803544392202
news_risk_20d,-0.08235038903658803,0.08317853528064427,0.08392198172962069,0.36316508369312434,0.022271003922692913,0.0025376927210874517,0.02916926347645579,-0.009439172580519767,-0.017640979684045228,0.0005284819165193673,0.003231450705416619,0.03478001847454697,0.03558521461582778,0.01210739211582141,0.022262508817241605,1.0,0.009599386306237585,0.009483467103261383,0.027882976251227466,0.02933917628074492,0.010862538588270512,0.02002185841165473,-0.01210739211582141,0.6304040966943296,0.011702025238962497,0.031147986028367325,0.03312868402112924,0.007932065465039394,0.009842673414519956,0.007054398232172418
overnight_intraday_ratio_20,0.02845857908214568,0.03552393224635845,0.021294357363878844,0.011258327172167763,0.19749162017636482,0.0899933797023278,-0.09133274948880404,-0.9996486302961668,-0.009839822008531124,0.048616807877352994,0.04401640570376012,0.1216836925828541,-0.02456958011153064,-0.01033765839669314,-0.02282311815841855,0.009599386306237585,1.0,0.9996922000505826,0.18854559231846804,-0.02563553480497213,-0.013266507118082915,-0.02276044148832863,0.010337658396693143,0.008259687886582358,-0.002493852667859332,0.1595052424780427,0.17654552834736184,-0.010101045631196714,-0.012227849260858846,0.0029073069008944893
overnight_return_20,0.029495669187130473,0.03478780700706811,0.020786069867277573,0.010754838418044104,0.1979473500764962,0.08496949615034707,-0.09237222195191887,-0.9999701633686068,-0.009744094271213442,0.04946797568076585,0.04376703145659177,0.12107920117745763,-0.025451729891842873,-0.012145489473097583,-0.023876048899770092,0.009483467103261383,0.9996922000505826,1.0,0.18872639642868919,-0.0268586585722004,-0.01471693707326296,-0.024244095428019023,0.012145489473097579,0.008148234497061263,-0.0029494240970133656,0.15905960624686138,0.176419161145805,-0.011064664462677315,-0.013067761197475576,0.002321742095889229
parkinson_vol_20,-0.18202404666801972,0.4744384771645338,0.3676037298404218,0.03676428970687607,0.6899563974275477,-0.06318164676962197,0.03198653824953331,-0.18749057992978216,-0.10953626397630752,0.33606403172880955,0.5240678336982583,0.8358650586268326,0.3147872285019136,0.18121000810026255,0.3096758019697811,0.027882976251227466,0.18854559231846804,0.18872639642868919,1.0,0.32728641736159325,0.03509798579105815,0.2561644720690265,-0.18121000810026258,0.0275058727981849,0.24083446497948316,0.9121122496969643,0.812547611364487,0.12854096036072246,0.3893614459679193,-0.03082748860208256
price_vs_ma120,-0.17452913264018177,0.254074353615267,0.16165386761635783,0.031276284030791426,-0.06128523252239248,-0.00436341630564359,0.7196910821609372,0.029988711701695415,-0.07308141210208137,0.05486381569291414,0.2966429919128754,0.4276389248972556,0.8138850642784449,0.5874810466890447,0.8777494032858635,0.02933917628074492,-0.02563553480497213,-0.0268586585722004,0.32728641736159325,1.0,0.5051781815562338,0.8407261257373511,-0.5874810466890447,0.027635985331750913,0.253230351783381,0.2790583708289493,0.209237897001107,0.2431635036548836,0.2664846686164435,0.11194924073041018
price_vs_ma20,-0.004983437377530344,0.011955309901559059,-0.03862077489450488,0.017250201730658433,-0.21950759538840292,0.003340038591196275,0.3846461522156763,0.018535057323913088,0.022996464375605805,-0.1346598513433844,0.17439165757688244,0.26275800513766606,0.2935330162027107,0.7967943761586831,0.40501810115108033,0.010862538588270512,-0.013266507118082915,-0.01471693707326296,0.03509798579105815,0.5051781815562338,1.0,0.6967244619970423,-0.7967943761586831,0.00819863700814533,0.09423723129941,0.02939823973415378,-0.06991581683111402,0.35532567484763655,0.1897569664757721,0.4403173950740942
price_vs_ma60,-0.10085812683509467,0.17168604427608983,0.031535338358292246,0.02581119406853669,-0.19991438287956598,-0.0038193652959392903,0.5798310454238742,0.028131241413896925,-0.0163624549116825,-0.007100115472133911,0.31962692284644256,0.43296883478782344,0.5252071959569093,0.785003455822736,0.8022304840496766,0.02002185841165473,-0.02276044148832863,-0.024244095428019023,0.2561644720690265,0.8407261257373511,0.6967244619970423,1.0,-0.785003455822736,0.020844325853253347,0.22125546675851107,0.22136507236154396,0.055360022705453996,0.34720717165895015,0.4320963514936118,0.20358112535516731
reversal_20,0.034209218452885826,-0.09405064986348104,0.010505658755579284,-0.018128154263638875,0.16951621229096026,-0.0010743188218441503,-0.4114978922502284,-0.01700460129963967,-0.014761838663193248,0.08404975869216919,-0.3310689174635338,-0.4419187873626927,-0.3458644603926015,-1.0,-0.49655431532923877,-0.01210739211582141,0.010337658396693143,0.012145489473097579,-0.18121000810026258,-0.5874810466890447,-0.7967943761586831,-0.785003455822736,1.0,-0.012418638890361699,-0.1393251359871776,-0.17193044478405653,-0.005646062542914807,-0.4543361086396026,-0.3696111033724348,-0.2922572547486524
shareholder_change_count_20d,-0.06557788877330539,0.0669912659881796,0.06765959823048799,0.2878211101832781,0.025085910807040642,0.011058942313635314,0.024733239025197182,-0.008053445729754069,-0.014871139082410834,0.005219288843054326,0.007690460631778132,0.03443216886481713,0.0333173315894003,0.012418638890361699,0.022577345714513482,0.6304040966943296,0.008259687886582358,0.008148234497061263,0.0275058727981849,0.027635985331750913,0.00819863700814533,0.020844325853253347,-0.012418638890361699,1.0,0.007971913093468884,0.029759680477570605,0.0323800472619242,0.011476809671693946,0.01172277810051795,0.007083414132516427
skewness_60,-0.081088281894383,0.1559775566161735,0.1359599839358632,0.018324444780527513,0.002754989989465527,0.06009100477915398,0.1254092514628518,0.003899498055434773,0.2608106575946016,-0.09059122947377117,0.3088640606868331,0.32554404839758716,0.17950152891193513,0.1393251359871776,0.2901184190682477,0.011702025238962497,-0.002493852667859332,-0.0029494240970133656,0.24083446497948316,0.253230351783381,0.09423723129941,0.22125546675851107,-0.1393251359871776,0.007971913093468884,1.0,0.23324509494604428,0.28008518393942655,0.2289962455355311,0.08759722319555308,-0.028013112928560537
volatility_20,-0.18140287246313724,0.4814612698982363,0.37452235966839864,0.04454095823236408,0.707851889371781,0.02249800824551062,-0.0016253064001514658,-0.15765213508716402,-0.07152580656181359,0.38073193273613765,0.5992655828820893,0.903021906944434,0.26803067042106415,0.17193044478405653,0.2651025264707559,0.031147986028367325,0.1595052424780427,0.15905960624686138,0.9121122496969643,0.2790583708289493,0.02939823973415378,0.22136507236154396,-0.17193044478405653,0.029759680477570605,0.23324509494604428,1.0,0.8076164778147797,0.11590158313787728,0.40307735860873506,-0.01779897290085668
volatility_60,-0.21517625978901342,0.4615756444480468,0.4747896615452288,0.03245740503527215,0.9142610420756405,0.031266926625239354,-0.0763104658270158,-0.17581570483128242,-0.04621233001704913,0.32062645745593193,0.4394631865035788,0.6809181053114679,0.28121638338380484,0.005646062542914807,0.20572240497580682,0.03312868402112924,0.17654552834736184,0.176419161145805,0.812547611364487,0.209237897001107,-0.06991581683111402,0.055360022705453996,-0.005646062542914807,0.0323800472619242,0.28008518393942655,0.8076164778147797,1.0,0.03334316730674547,0.009032202497616156,-0.07894754738428292
volume_price_corr_20,-0.10161129730493013,0.11350374541616226,0.06893257368799155,0.01698883293604566,-0.07652748462969455,0.024687141998712813,0.13389400822467296,0.012912884975137902,0.01580950664176857,-0.150838182451834,0.10462355934659327,0.3541084028624739,0.1242000627729608,0.4543361086396026,0.19799088899597322,0.007932065465039394,-0.010101045631196714,-0.011064664462677315,0.12854096036072246,0.2431635036548836,0.35532567484763655,0.34720717165895015,-0.4543361086396026,0.011476809671693946,0.2289962455355311,0.11590158313787728,0.03334316730674547,1.0,0.18585160597563558,0.09474167324008971
volume_ratio_20_60,-0.08626500972296958,0.22993761555855322,-0.03215213690093241,0.019075719242540902,-0.08296898574068332,-0.006571112500385934,0.15619744172928776,0.015085303085247437,0.03432227934501835,0.16536734341829692,0.38940234062171475,0.4643681377823437,0.08866815772008621,0.3696111033724348,0.2681679513107657,0.009842673414519956,-0.012227849260858846,-0.013067761197475576,0.3893614459679193,0.2664846686164435,0.1897569664757721,0.4320963514936118,-0.3696111033724348,0.01172277810051795,0.08759722319555308,0.40307735860873506,0.009032202497616156,0.18585160597563558,1.0,0.04348004895487064
volume_ratio_5_20,0.03662586264298631,-0.03659773670971341,-0.04245673351454195,0.043241126403562195,-0.10378224463987538,0.004663132747384062,0.09876889855081883,-0.0008472259088334281,-0.0052515202840869996,-0.02177163505639953,0.04915862615963938,0.05826553749867452,0.04551692631315349,0.2922572547486524,0.06502803544392202,0.007054398232172418,0.0029073069008944893,0.002321742095889229,-0.03082748860208256,0.11194924073041018,0.4403173950740942,0.20358112535516731,-0.2922572547486524,0.007083414132516427,-0.028013112928560537,-0.01779897290085668,-0.07894754738428292,0.09474167324008971,0.04348004895487064,1.0
