fold,factor,replaced,add_delta_ic,replace_delta_ic,add_delta_rank_ic,replace_delta_rank_ic,n_dates,ic_base,ic_permuted,permutation_ic_drop
fold1,gap_count_20,volatility_20,0.027985806509093717,0.033540745459740326,0.01040969490154015,0.021662531491728063,11,0.04803473858420573,0.047320485772171406,0.0007142528120343272
fold1,high_52w_proximity,momentum_60,-0.0003211310991259797,-0.006754439626823275,0.003514163737165094,-0.004972635862335438,11,0.041139207419830674,0.03052965650410279,0.010609550915727885
fold1,overnight_return_20,volatility_20,-0.012545155983852476,-0.004549215463009809,-0.007210424499050988,-7.935291644102457e-05,11,0.0304146191836146,0.03005831589358121,0.00035630329003338845
fold1,skewness_60,momentum_60,-0.003284035441730432,-0.0036294378669657094,-0.0020768710796562613,-0.006098969180458208,11,0.035548172603009326,0.035618493188118924,-7.032058510959838e-05
fold1,volume_price_corr_20,reversal_20,-0.003434047301547998,-0.007672030873093836,0.001460463738817768,-0.005751969958588802,11,0.039085507421483354,0.04006679806656354,-0.0009812906450801864
fold2,gap_count_20,volatility_20,-0.02498835245055272,-0.022656823061743023,-0.023595711241008108,-0.016852634652186227,11,0.020372469339999963,0.01902889479224548,0.0013435745477544843
fold2,high_52w_proximity,momentum_60,0.0005779820334171185,-0.0009740011296069541,-0.0008380861561570203,-0.00012284802160396346,11,0.04313009442485105,0.06200836419428162,-0.01887826976943057
fold2,overnight_return_20,volatility_20,0.005635029761817526,0.005132830343917456,0.005280276100625719,0.0037010948413123777,11,0.049248456681633794,0.050537058138391606,-0.0012886014567578125
fold2,skewness_60,momentum_60,-0.004566993289175369,-0.0008226604475674673,-0.0005430049651917027,0.0035721172576833023,11,0.043425175615816373,0.04405920553378213,-0.0006340299179657533
fold2,volume_price_corr_20,reversal_20,0.003547248768416253,-0.009472383806347783,0.001538166792972534,-0.007807453081584045,11,0.04550634737398062,0.045976450299118926,-0.00047010292513830626
fold3,gap_count_20,volatility_20,0.007997280977294416,0.0074311401194780465,0.019495099347845882,0.014266304048385626,11,0.09449520645067268,0.09503891991995883,-0.0005437134692861528
fold3,high_52w_proximity,momentum_60,0.0016023578131076487,-0.000912650424630276,0.0026543231104304704,0.0032884215041859327,11,0.07765443021325727,0.0906854268148451,-0.013030996601587824
fold3,overnight_return_20,volatility_20,0.009957599358485152,0.007921784156230955,0.004849960717630978,0.007465377990866609,11,0.0798500678204578,0.07986873445335625,-1.866663289845638e-05
fold3,skewness_60,momentum_60,0.006642378239556933,0.0036911054200595077,0.003967265778941443,0.0016630387749448682,11,0.07896737288176824,0.07901436571348146,-4.699283171322177e-05
fold3,volume_price_corr_20,reversal_20,0.005868509524553574,0.0043197193990771625,0.00387531322735272,0.001246850601911185,11,0.07887542033017952,0.07899333718255429,-0.00011791685237476368
fold4,gap_count_20,volatility_20,0.04883498384026968,0.041883544927744994,0.05262408620454961,0.046662139529840524,11,0.09191003578497176,0.09099666558907664,0.0009133701958951163
fold4,high_52w_proximity,momentum_60,0.00644906328672066,0.006413409597393793,0.009523589560881358,0.008394358291120901,11,0.04880953914130349,0.04542778228081043,0.0033817568604930584
fold4,overnight_return_20,volatility_20,0.0010965035269532991,0.0015575417275211425,0.0022459709530440503,9.977087942553836e-06,11,0.04153192053346619,0.04127954641937769,0.00025237411408849525
fold4,skewness_60,momentum_60,0.00785296850355711,-0.00038297674735001975,0.008162189313555779,-0.003839488655112749,11,0.04744813889397792,0.047615389307984014,-0.00016725041400609403
fold4,volume_price_corr_20,reversal_20,0.0003298511040985994,0.0034265887653345474,-0.0008887914127261246,0.0029553224897245225,11,0.03839715816769602,0.035996850656900385,0.0024003075107956323
