fold,factor,m0_top_gain_share,m1_top_feature,gain_share_rank_of_candidate,n_features_m1,candidate_gain_share
fold1,gap_count_20,0.07703753504071498,gap_count_20,1,169,0.46129383375281413
fold1,high_52w_proximity,0.07703753504071498,news_risk_20d,7,169,0.020749096748834402
fold1,overnight_return_20,0.07703753504071498,news_risk_20d,30,169,0.008175130657717628
fold1,skewness_60,0.07703753504071498,news_risk_20d,32,169,0.007362417670217263
fold1,volume_price_corr_20,0.07703753504071498,news_risk_20d,16,169,0.011921067766517177
fold2,gap_count_20,0.10740654799268656,gap_count_20,1,169,0.44365792881033456
fold2,high_52w_proximity,0.10740654799268656,news_risk_20d,5,169,0.0218355042960815
fold2,overnight_return_20,0.10740654799268656,news_risk_20d,26,169,0.009104311963555194
fold2,skewness_60,0.10740654799268656,news_risk_20d,34,169,0.007846663460252116
fold2,volume_price_corr_20,0.10740654799268656,news_risk_20d,28,169,0.008901578697945872
fold3,gap_count_20,0.10426182520326376,gap_count_20,1,169,0.42863396054465674
fold3,high_52w_proximity,0.10426182520326376,news_risk_20d,6,169,0.02067230179865189
fold3,overnight_return_20,0.10426182520326376,news_risk_20d,35,169,0.006588367415008902
fold3,skewness_60,0.10426182520326376,news_risk_20d,38,169,0.006911897513202169
fold3,volume_price_corr_20,0.10426182520326376,news_risk_20d,29,169,0.007876008860666773
fold4,gap_count_20,0.09902733143654238,gap_count_20,1,169,0.5115877619974205
fold4,high_52w_proximity,0.09902733143654238,news_risk_20d,8,169,0.016331531387592146
fold4,overnight_return_20,0.09902733143654238,news_risk_20d,35,169,0.006290434986365704
fold4,skewness_60,0.09902733143654238,news_risk_20d,48,169,0.0051765953516803714
fold4,volume_price_corr_20,0.09902733143654238,news_risk_20d,49,169,0.005301093760181889
