factor,category,coverage,raw_ic_mean,raw_icir,n_dates,turnover,extreme_ratio,pit_pass,pit_note
amihud_20,liquidity,0.9970094727642302,-0.033985198215461636,-0.2006270148096036,48,0.803917046230372,0.002009752753672862,True,no comparable values
amount_60,liquidity,0.9440088898111471,0.005915031675216426,0.043518658086060896,48,0.2680707926473601,0.0,True,no comparable values
amount_share_20,liquidity,0.993397030877388,-0.006584195644075155,-0.06613347605732046,48,0.9133391772156907,1.5630128635958674e-05,True,no comparable values
announcement_attention_5d,news,0.22193061865931038,0.01249895872900296,0.13050156018345135,48,0.8889119523442996,0.0,True,61 只标的通过投毒检验
announcement_count_5d,news,0.41328684009582045,0.03243678985706673,0.38561309694731866,48,0.6350552355834683,0.0,True,1938 只标的通过投毒检验
buyback_event_count_20d,news,0.41328684009582045,0.022412715295740175,0.2804924797025317,47,0.35016624772529964,,True,1938 只标的通过投毒检验
debt_to_asset,quality,0.06096851824185884,-0.015700331224509183,-0.13177733821032156,46,0.0933311366231903,0.027823691460055096,True,94 只标的通过投毒检验
downside_volatility_60,volatility,1.0,-0.06733175185908602,-0.3561839123710251,48,0.5651407846746024,0.0,True,no comparable values
earnings_event_count_60d,news,0.41328684009582045,0.006652791976568165,0.09717218612940919,48,0.6120267173025291,0.0,True,1938 只标的通过投毒检验
earnings_yield,valuation,0.05065525685699398,0.01982549611363795,0.07887063352897403,45,0.15636034444857974,0.0,True,no comparable values
event_sentiment_shock,news,0.41328684009582045,-0.021164363127383134,-0.4068156026063761,48,0.38995958825116267,0.06818181818181818,True,1938 只标的通过投毒检验
event_shock,news,0.03643423933167259,-0.0096658722276451,-0.0625092296525166,47,0.873388688908088,0.0,True,57 只标的通过投毒检验
gap_count_20,microstructure,1.0,0.014683809528223889,0.38224227891976625,48,0.31785871142654204,,True,no comparable values
gross_margin,quality,0.042043842065583203,0.07813280349527012,0.34097298897457157,45,0.10080209913543246,0.025286448044251283,True,70 只标的通过投毒检验
high_52w_proximity,price_position,0.9892773717843384,0.009802874946484427,0.05850893477314913,48,0.6704032194090811,0.0,True,no comparable values
intraday_return_20,microstructure,0.9970094727642302,0.0023617102228216023,0.025546661587490263,48,0.24753306776634504,0.0,True,no comparable values
kurtosis_60,microstructure,1.0,0.02724435374508181,0.26407233561881993,48,0.7101187315799214,0.0003265737745707888,True,no comparable values
limit_down_count_20,microstructure,1.0,-0.032252269495861886,-0.29506967168617193,48,0.7624861751348891,0.0,True,no comparable values
limit_up_count_20,microstructure,1.0,-0.086825103097832,-0.733145540595776,48,0.8439220892084301,,True,no comparable values
llm_confidence_20d,news,0.0,,,0,,,True,no comparable values
major_event_count_20d,news,0.41328684009582045,0.03586357235589951,0.46885905341646084,48,0.42657588867093144,0.0,True,1938 只标的通过投毒检验
max_return_20,microstructure,1.0,-0.09162974142576563,-0.6228323575180604,48,0.8328980928336336,1.5551132122418513e-05,True,no comparable values
momentum_120,momentum,0.9733927190234919,-0.022592762165006833,-0.13799839856439816,48,0.5499752873570585,0.0,True,no comparable values
momentum_20,momentum,0.9866769598262639,-0.06951593752776981,-0.5013895618228306,48,0.8985473146000854,0.0,True,no comparable values
negative_news_count_5d,news,0.41328684009582045,0.02577191392375096,0.4187461280515142,48,0.35318902335154834,,True,1938 只标的通过投毒检验
net_margin,quality,0.06008351490798569,0.05456012666470208,0.34186922482627224,45,0.09156311858840238,0.024321266968325792,True,94 只标的通过投毒检验
net_profit_growth,growth,0.058522510512011204,-0.0030338001255927516,-0.02064440191872095,45,0.15873504431800747,0.01821335646140503,True,92 只标的通过投毒检验
news_attention_1d,news,0.22193061865931038,0.016389960662624065,0.18228897371013622,48,0.9033877149960859,,True,61 只标的通过投毒检验
news_attention_20d,news,0.22193061865931038,-0.003515718397289319,-0.0275073865810264,48,0.8931627610374415,0.0,True,61 只标的通过投毒检验
news_attention_5d,news,0.22193061865931038,0.01249895872900296,0.13050156018345135,48,0.8889119523442996,0.0,True,61 只标的通过投毒检验
news_count_1d,news,0.41328684009582045,0.012403062557554074,0.18662811946778518,48,0.633059617629833,,True,1938 只标的通过投毒检验
news_count_20d,news,0.41328684009582045,0.04820695359072177,0.5129170634381846,48,0.49715175662369526,0.001954652071931196,True,1938 只标的通过投毒检验
news_count_5d,news,0.41328684009582045,0.03243678985706673,0.38561309694731866,48,0.6350552355834683,0.0,True,1938 只标的通过投毒检验
news_importance_5d,news,0.41328684009582045,0.030223157006177805,0.3768486252234165,48,0.6493313967005861,0.0,True,1938 只标的通过投毒检验
news_novelty_5d,news,0.41328684009582045,0.02811792203753996,0.3505581452875393,48,0.6858573929581528,0.0,True,1938 只标的通过投毒检验
news_positive_negative_ratio,news,0.41328684009582045,-0.002688983352785064,-0.050115482306600644,48,0.38959703053187456,,True,1938 只标的通过投毒检验
news_sentiment_1d,news,0.41328684009582045,0.00402571353795133,0.07173093361877819,43,0.32368669850897397,,True,1938 只标的通过投毒检验
news_sentiment_20d,news,0.41328684009582045,-0.0036233318840794685,-0.07136491200388131,48,0.38959703053187456,,True,1938 只标的通过投毒检验
news_sentiment_5d,news,0.41328684009582045,-0.009641182085723385,-0.1783168394067276,48,0.3591940228727608,,True,1938 只标的通过投毒检验
news_sentiment_weighted,news,0.41328684009582045,-0.003964059467265118,-0.07661696746389082,48,0.3897723882962426,,True,1938 只标的通过投毒检验
novel_news_count_5d,news,0.41328684009582045,-0.00010531379648497541,-0.0014974691652662488,46,0.6232090024366256,,True,1938 只标的通过投毒检验
ocf_to_assets,cash_flow,0.05900366583348998,0.02788694554984311,0.17546640478583664,45,0.12282689714062262,0.040699340785325305,True,93 只标的通过投毒检验
ocf_to_net_profit,cash_flow,0.06016545767774641,-0.034989379165071235,-0.2377393585456779,45,0.188891600203688,0.011549295774647887,True,94 只标的通过投毒检验
operating_cash_flow,cash_flow,0.06099026153426409,-0.01435455323970212,-0.07198709800014702,46,0.10266931077560594,0.017393705135284373,True,94 只标的通过投毒检验
overnight_intraday_ratio_20,microstructure,0.9952295499403604,-0.0031523319759714542,-0.03410288869253404,48,0.37362899890906554,0.002652561281967264,True,no comparable values
overnight_return_20,microstructure,0.9952295499403604,-0.0029572377197060553,-0.03195463187250429,48,0.37330480839122976,0.002605751376991371,True,no comparable values
parkinson_vol_20,volatility,0.9970094727642302,-0.09831451793346717,-0.535809331899799,48,0.7381772157614818,0.0,True,no comparable values
pb,valuation,0.008762218093591274,,,0,0.2037037037037037,,True,no comparable values
pe,valuation,0.05065525685699398,-0.027518202652827985,-0.11346333265423422,45,0.20356109032579617,0.0016600265604249668,True,no comparable values
positive_news_count_5d,news,0.41328684009582045,0.014370656912252784,0.25340871362113687,47,0.3662575894633185,,True,1938 只标的通过投毒检验
price_vs_ma120,price_position,0.9031497541631678,-0.05562146077148538,-0.3582339968737565,48,0.6676779679112738,0.0,True,no comparable values
price_vs_ma60,price_position,0.9440088898111471,-0.07346199820591197,-0.4669226374660355,48,0.7823460657649502,0.0,True,no comparable values
ps,valuation,0.004859651601016209,,,0,0.08888888888888889,,True,no comparable values
regulatory_event_count_20d,news,0.41328684009582045,0.01221264007783546,0.20257280750366075,43,0.3315007092003039,,True,1938 只标的通过投毒检验
revenue_growth,growth,0.06213145774269905,0.020258266175209975,0.12187216383339516,46,0.13527080050995338,0.0054333061668024995,True,94 只标的通过投毒检验
reversal_5,reversal,0.992507116228083,0.015465039906016978,0.11042254458951468,48,0.9039363201908109,0.0,True,no comparable values
roa,quality,0.060510933913236614,0.04878404563835339,0.26569075729085023,46,0.10988319214325407,0.03640911617565314,True,96 只标的通过投毒检验
roe,quality,0.05079239629403145,0.0893974750692873,0.48129056628241634,45,0.09760039343372676,0.02914572864321608,True,78 只标的通过投毒检验
skewness_60,microstructure,1.0,-0.006756951889779514,-0.09431176992487804,48,0.7210322147690404,0.0,True,no comparable values
turnover_20,liquidity,0.004859651601016209,,,0,0.0,,True,no comparable values
turnover_60,liquidity,0.004859651601016209,,,0,0.0,,True,no comparable values
turnover_volatility_20,liquidity,0.0,,,0,,,True,no comparable values
volatility_60,volatility,0.9433146875417945,-0.08481388734560014,-0.4611787453982796,48,0.5576984489695179,0.0,True,no comparable values
volume_price_corr_20,volume,0.9907710485340934,-0.02764109576284923,-0.3150977940947585,48,0.8952789107681942,0.0,True,no comparable values
volume_trend_5_60,volume,0.988535951611431,-0.060096699987054664,-0.5428363754394974,48,0.9126917295364383,0.0,True,no comparable values
