date,symbol,action,prediction,raw_rank,volatility,target_weight,target_value,price,shares,delta_shares,exec_weight,estimated_fee,industry,optimizer_status
2026-09-04,603256.SH,BUY,0.07055581530883649,1,0.06320466912821805,0.04749999999999999,23750.0,120.68999481201172,100,100,0.024137998962402343,11.16,制造业,optimal
2026-09-04,003043.SZ,BUY,0.05340801200200762,2,0.05781266226486957,0.04749999999999999,23750.0,68.32999420166016,300,300,0.040997996520996095,15.58,C 制造业,optimal
2026-09-04,688347.SH,BUY,0.046734924450385525,3,0.06740883301101706,0.04749999999999999,23750.0,223.50001525878906,100,100,0.044700003051757815,16.99,制造业,optimal
2026-09-04,301053.SZ,BUY,0.04190768200969421,4,0.03386860172961892,0.04749999999999999,23750.0,33.29999923706055,700,700,0.04661999893188477,17.72,C 制造业,optimal
2026-09-04,002971.SZ,BUY,0.03944644781315991,5,0.05953671746861691,0.04749999999999999,23750.0,38.64999771118164,600,600,0.046379997253417966,17.62,C 制造业,optimal
2026-09-04,600367.SH,BUY,0.03772239294914441,6,0.06024192210896265,0.04749999999999999,23750.0,35.179996490478516,600,600,0.04221599578857422,16.04,制造业,optimal
2026-09-04,301678.SZ,BUY,0.037661073201662454,7,0.04363220504934661,0.04749999999999999,23750.0,44.14999771118164,500,500,0.04414999771118164,16.78,C 制造业,optimal
2026-09-04,688361.SH,SKIP(below_1_lot),0.037281375245867415,8,0.07112800507716388,0.04749999999999999,23750.0,299.8000183105469,0,0,0.0,0.0,制造业,optimal
2026-09-04,300932.SZ,BUY,0.03708442316618089,9,0.04393986701076615,0.04749999999999999,23750.0,11.299999237060547,2100,2100,0.0474599967956543,18.03,C 制造业,optimal
2026-09-04,603045.SH,BUY,0.03666275345541062,10,0.055293198074316936,0.04749999999999999,23750.0,49.97999954223633,400,400,0.03998399963378906,15.2,制造业,optimal
2026-09-04,002222.SZ,BUY,0.03540522709710274,11,0.05066890742982994,0.04749999999999999,23750.0,64.4000015258789,300,300,0.03864000091552734,14.85,C 制造业,optimal
2026-09-04,603063.SH,BUY,0.03407290603295342,12,0.04803933306288582,0.04749999999999999,23750.0,30.939998626708984,700,700,0.04331599807739258,16.46,制造业,optimal
2026-09-04,603283.SH,BUY,0.03334190009717409,13,0.05310209456491885,0.04749999999999999,23750.0,43.69999694824219,500,500,0.043699996948242184,16.61,制造业,optimal
2026-09-04,002965.SZ,BUY,0.032797021418057036,14,0.04839088258621445,0.04749999999999999,23750.0,29.969999313354492,700,700,0.04195799903869629,15.94,C 制造业,optimal
2026-09-04,002272.SZ,BUY,0.032596050090394395,15,0.04517668997408041,0.04749999999999999,23750.0,16.889999389648438,1400,1400,0.04729199829101562,17.97,C 制造业,optimal
2026-09-04,300429.SZ,BUY,0.03202974226167861,16,0.03762777262494048,0.04749999999999999,23750.0,10.899999618530273,2100,2100,0.04577999839782715,17.4,C 制造业,optimal
2026-09-04,002273.SZ,BUY,0.03202974226167861,17,0.045896667872821276,0.04749999999999999,23750.0,24.889999389648438,900,900,0.044801998901367185,17.02,C 制造业,optimal
2026-09-04,002281.SZ,BUY,0.031938515945346586,18,0.0585385758465922,0.04749999999999999,23750.0,167.6999969482422,100,100,0.03353999938964844,13.55,C 制造业,optimal
2026-09-04,301200.SZ,SKIP(below_1_lot),0.031789790975728684,19,0.05878629045101301,0.04749999999999999,23750.0,254.4000244140625,0,0,0.0,0.0,C 制造业,optimal
2026-09-04,603306.SH,BUY,0.030753857646782227,20,0.0508643579004621,0.04749999999999999,23750.0,71.56999969482422,300,300,0.04294199981689453,16.32,制造业,optimal
