symbol,name,rank,predicted_return,target_weight,target_value,current_weight,current_value,action,estimated_shares,last_price
603256.SH,宏和科技,1,0.09391589973974436,0.0475,23750.0,0.0,0.0,BUY,100,120.68999481201172
003043.SZ,华亚智能,2,0.08289000523535789,0.0475,23750.0,0.0,0.0,BUY,300,68.32999420166016
603045.SH,福达合金,3,0.06346457212047021,0.0475,23750.0,0.0,0.0,BUY,400,49.97999954223633
002208.SZ,合肥城建,4,0.06170073695892858,0.0475,23750.0,0.0,0.0,BUY,2300,10.160000801086426
002971.SZ,和远气体,5,0.061304599831464975,0.0475,23750.0,0.0,0.0,BUY,600,38.64999771118164
603283.SH,赛腾股份,6,0.05863005866705524,0.0475,23750.0,0.0,0.0,BUY,500,43.69999694824219
688361.SH,中科飞测,7,0.05523784498808681,0.0475,23750.0,0.0,0.0,HOLD,0,299.8000183105469
603663.SH,三祥新材,8,0.05516004516524069,0.0475,23750.0,0.0,0.0,BUY,600,38.19999694824219
301053.SZ,远信工业,9,0.05462895627765997,0.0475,23750.0,0.0,0.0,BUY,700,33.29999923706055
002322.SZ,理工能科,10,0.05433595529088451,0.0475,23750.0,0.0,0.0,BUY,1800,12.760000228881836
688362.SH,甬矽电子,11,0.05282382443172484,0.0475,23750.0,0.0,0.0,BUY,400,58.60000228881836
002631.SZ,德尔未来,12,0.0523430221567672,0.0475,23750.0,0.0,0.0,BUY,2100,11.00999927520752
603217.SH,元利科技,13,0.05152076423597915,0.0475,23750.0,0.0,0.0,BUY,800,29.0
688372.SH,伟测科技,14,0.05150361024132564,0.0475,23750.0,0.0,0.0,BUY,200,114.5
003010.SZ,若羽臣,15,0.05120831881153383,0.0475,23750.0,0.0,0.0,BUY,700,31.600000381469727
603880.SH,南卫股份,16,0.050827217371267025,0.0475,23750.0,0.0,0.0,BUY,2400,9.670000076293945
300865.SZ,大宏立,17,0.050186439548363125,0.0475,23750.0,0.0,0.0,BUY,700,32.959999084472656
002222.SZ,福晶科技,18,0.049436636828863775,0.0475,23750.0,0.0,0.0,BUY,300,64.4000015258789
603132.SH,金徽股份,19,0.048402566656324614,0.0475,23750.0,0.0,0.0,BUY,1200,19.739999771118164
688601.SH,力芯微,20,0.04756502444719573,0.0475,23750.0,0.0,0.0,BUY,300,60.5099983215332
