,announcement_attention_5d,announcement_count_20d,announcement_count_5d,buyback_event_count_20d,earnings_event_count_60d,event_sentiment_shock,event_shock,llm_confidence_20d,major_event_count_20d,negative_news_count_5d,news_attention_1d,news_attention_20d,news_attention_5d,news_count_1d,news_count_20d,news_count_5d,news_importance_5d,news_novelty_5d,news_positive_negative_ratio,news_risk_20d,news_sentiment_1d,news_sentiment_20d,news_sentiment_5d,news_sentiment_weighted,novel_news_count_5d,positive_news_count_5d,regulatory_event_count_20d,shareholder_change_count_20d
announcement_attention_5d,1.0,0.4253458091265277,0.9250730007373491,0.10458011676529881,0.11422061575144186,-0.008970120042346302,0.47076222396672884,,0.1846945076492784,0.19867352688553008,0.5038592599511295,0.5467083296849206,1.0,0.49363102293667693,0.4253458091265277,0.9250730007373491,0.9198114472933513,0.9004422969920677,-0.016377894382876765,0.1730820709774453,0.018477644531196866,-0.01770757613975191,-0.01163234230670078,-0.03359578143149817,0.6393943656813804,0.189412330411547,0.08358685663252263,0.13495000591935097
announcement_count_20d,0.4253458091265277,1.0,0.7027005757942119,0.23871755444710727,0.5220226579523278,-0.06755849505954616,0.32961903870080617,,0.5044607693864082,0.24311770624119364,0.24655576190802467,0.5844853264067669,0.4253458091265277,0.3859308214967127,1.0,0.7027005757942119,0.6536466080285454,0.6226072141991769,0.05440708674440844,0.37435247719732834,0.015356427411755259,0.05385065432774513,0.008702259641170322,0.025329614261895856,0.358944904479834,0.2472219943561403,0.18093077107819697,0.29636434154167834
announcement_count_5d,0.9250730007373491,0.7027005757942119,1.0,0.20434814170815838,0.39448899477438104,-0.03900212602527666,0.5113964650076118,,0.4155569532136465,0.2922132337912103,0.49380500445330133,0.43894361634799584,0.9250730007373488,0.5603670727254092,0.7027005757942119,1.0,0.9608639933241635,0.9369420037703478,0.01959208291337775,0.3372838644066675,0.019936540957163715,0.019156696748822984,0.00548480697544336,-0.008457394439163947,0.5971076378223404,0.29489605162067195,0.15765209983645942,0.2630672334118483
buyback_event_count_20d,0.10458011676529881,0.23871755444710727,0.20434814170815838,1.0,0.09712669757878721,-0.11762046883996584,0.03799108235982588,,0.23977494768338073,0.11570264490814693,0.10187867723162557,0.06603854004780713,0.10458011676529881,0.146210064597337,0.23871755444710727,0.20434814170815838,0.1737181050017851,0.1768232731794638,0.4328204603190975,0.16085892243223582,0.06930918365548462,0.4312904994627352,0.2353263170785028,0.403925934569534,0.024486473947597856,0.39009301896829934,0.05302957276557964,0.16618075975384192
earnings_event_count_60d,0.11422061575144186,0.5220226579523278,0.39448899477438104,0.09712669757878721,1.0,-0.03340983273788812,0.09972474558310611,,0.23172497810680404,0.1138184550962728,0.08029137992684598,0.09114038854543689,0.11422061575144186,0.21750940733114077,0.5220226579523279,0.39448899477438104,0.37786318473288555,0.3396815767609455,0.026960493329613065,0.14897571091085784,-0.020800684838947477,0.02701527552619637,0.005442466412942635,0.015184995019180659,0.24524153808623309,0.1195101953772778,0.0709685570539816,0.11506393310691095
event_sentiment_shock,-0.008970120042346302,-0.06755849505954616,-0.03900212602527666,-0.11762046883996584,-0.03340983273788812,1.0,0.01991430007915669,,-0.0638430088481947,-0.2956151046199393,-0.015242773598384678,-0.003187715015117512,-0.0089701200423463,-0.030017392834088816,-0.06755849505954616,-0.03900212602527666,-0.03576817575497343,-0.030582001928624952,-0.10498193951048396,-0.01636496856919541,0.18406216934232056,-0.1046875156056341,0.4421046636050902,-0.09404015230298085,0.02085524482542037,0.25469109793448214,-0.02881223072070077,-0.015683565470644666
event_shock,0.47076222396672884,0.32961903870080617,0.5113964650076118,0.03799108235982588,0.09972474558310611,0.01991430007915669,1.0,,0.548632956614245,0.149726663045148,0.20264634546425567,0.2624723109140445,0.4707622239667288,0.20997226334345775,0.32961903870080617,0.5113964650076118,0.505149132351709,0.3520142743737001,0.02969997481009323,0.0680133424380115,0.01836870466862056,0.016228871130574016,0.046636513832869125,0.013648893540621404,0.21122155460958125,0.20291421748571759,0.16196101441030947,-0.004706754626932462
llm_confidence_20d,,,,,,,,1.0,,,,,,,,,,,,,,,,,,,,
major_event_count_20d,0.1846945076492784,0.5044607693864082,0.4155569532136465,0.23977494768338073,0.23172497810680404,-0.0638430088481947,0.548632956614245,,1.0,0.28235041054999255,0.12649949273647423,0.09015980986346672,0.1846945076492784,0.22153222540362008,0.5044607693864082,0.4155569532136465,0.3498454409866681,0.34437009227718507,0.11396757205176923,0.41340482883426705,0.017048305611770714,0.11363848684134077,0.03445103811786384,0.08684302342138378,0.057272478786448755,0.3072891089230122,0.3573365332337858,0.2640896230114849
negative_news_count_5d,0.19867352688553008,0.24311770624119364,0.2922132337912103,0.11570264490814693,0.1138184550962728,-0.2956151046199393,0.149726663045148,,0.28235041054999255,1.0,0.1345424116566435,0.07873751358530058,0.19867352688553008,0.17661885905958208,0.24311770624119364,0.2922132337912103,0.27236974525941987,0.2631122398522679,-0.2658911952065693,0.6262193159754353,-0.2617096784226915,-0.2663437699506592,-0.5827367101387934,-0.3050555902855146,0.04091106880422294,0.18749688586501523,0.3127071073913797,0.42048271576157775
news_attention_1d,0.5038592599511295,0.24655576190802467,0.49380500445330133,0.10187867723162557,0.08029137992684598,-0.015242773598384678,0.20264634546425567,,0.12649949273647423,0.1345424116566435,1.0,0.2670397124568407,0.5038592599511295,0.9943430538713566,0.24655576190802467,0.49380500445330133,0.4857710088618706,0.46415008134063784,0.02000285384034724,0.11830941884182707,0.027662049576120677,0.021028031154439786,0.009100085298829427,0.005904868339971851,0.29103232589045896,0.15172205688866633,0.05507883441079768,0.07211427341345915
news_attention_20d,0.5467083296849206,0.5844853264067669,0.43894361634799584,0.06603854004780713,0.09114038854543689,-0.003187715015117512,0.2624723109140445,,0.09015980986346672,0.07873751358530058,0.2670397124568407,1.0,0.5467083296849206,0.25233918358189716,0.5844853264067669,0.43894361634799584,0.4647696303409819,0.4373479109427147,-0.022200336849657665,0.10411375194400357,0.008408773409311617,-0.024022202743614912,-0.02728682281698736,-0.033137323802243095,0.3270088059906701,0.05886749830372253,0.059862268835702004,0.0815211575071871
news_attention_5d,1.0,0.4253458091265277,0.9250730007373488,0.10458011676529881,0.11422061575144186,-0.0089701200423463,0.4707622239667288,,0.1846945076492784,0.19867352688553008,0.5038592599511295,0.5467083296849206,1.0,0.49363102293667693,0.4253458091265277,0.9250730007373491,0.9198114472933513,0.9004422969920677,-0.016377894382876765,0.1730820709774453,0.018477644531196866,-0.01770757613975191,-0.01163234230670078,-0.03359578143149817,0.6393943656813804,0.189412330411547,0.08358685663252263,0.13495000591935097
news_count_1d,0.49363102293667693,0.3859308214967127,0.5603670727254092,0.146210064597337,0.21750940733114077,-0.030017392834088816,0.20997226334345775,,0.22153222540362008,0.17661885905958208,0.9943430538713566,0.25233918358189716,0.49363102293667693,1.0,0.3859308214967127,0.5603670727254092,0.5533408605429945,0.5430689155530705,0.03305943634710167,0.18960035698654173,0.02708084124296782,0.032970994229534485,0.01539013790733292,0.013745270670741919,0.33500281922268993,0.19876168716356166,0.09087844374239992,0.12627352226609143
news_count_20d,0.4253458091265277,1.0,0.7027005757942119,0.23871755444710727,0.5220226579523279,-0.06755849505954616,0.32961903870080617,,0.5044607693864082,0.24311770624119364,0.24655576190802467,0.5844853264067669,0.4253458091265277,0.3859308214967127,1.0,0.7027005757942119,0.6536466080285454,0.6226072141991769,0.05440708674440844,0.37435247719732834,0.015356427411755259,0.05385065432774513,0.008702259641170322,0.025329614261895856,0.358944904479834,0.2472219943561403,0.18093077107819697,0.29636434154167834
news_count_5d,0.9250730007373491,0.7027005757942119,1.0,0.20434814170815838,0.39448899477438104,-0.03900212602527666,0.5113964650076118,,0.4155569532136465,0.2922132337912103,0.49380500445330133,0.43894361634799584,0.9250730007373491,0.5603670727254092,0.7027005757942119,1.0,0.9608639933241635,0.9369420037703478,0.01959208291337775,0.3372838644066675,0.019936540957163715,0.019156696748822984,0.00548480697544336,-0.008457394439163947,0.5971076378223404,0.29489605162067195,0.15765209983645942,0.2630672334118483
news_importance_5d,0.9198114472933513,0.6536466080285454,0.9608639933241635,0.1737181050017851,0.37786318473288555,-0.03576817575497343,0.505149132351709,,0.3498454409866681,0.27236974525941987,0.4857710088618706,0.4647696303409819,0.9198114472933513,0.5533408605429945,0.6536466080285454,0.9608639933241635,1.0,0.9571724370111129,-0.0019385922895691296,0.30417128258711207,0.01761431641599889,-0.002438572415002833,-0.01680451382441354,-0.025958282530436125,0.5968697512791606,0.2551425710226352,0.1378286870792501,0.23718945103791853
news_novelty_5d,0.9004422969920677,0.6226072141991769,0.9369420037703478,0.1768232731794638,0.3396815767609455,-0.030582001928624952,0.3520142743737001,,0.34437009227718507,0.2631122398522679,0.46415008134063784,0.4373479109427147,0.9004422969920677,0.5430689155530705,0.6226072141991769,0.9369420037703478,0.9571724370111129,1.0,0.004519358647312572,0.30109169707657407,0.012214616485941547,0.004229254070283696,-0.01030590844126516,-0.020436325108552453,0.6252577535816833,0.25311331303881507,0.13355349852508794,0.24317122343976003
news_positive_negative_ratio,-0.016377894382876765,0.05440708674440844,0.01959208291337775,0.4328204603190975,0.026960493329613065,-0.10498193951048396,0.02969997481009323,,0.11396757205176923,-0.2658911952065693,0.02000285384034724,-0.022200336849657665,-0.016377894382876765,0.03305943634710167,0.05440708674440844,0.01959208291337775,-0.0019385922895691296,0.004519358647312572,1.0,-0.43651346832506993,0.19906647153789683,0.999736914165004,0.5283589496933153,0.9591954445810734,-0.015545890209912991,0.38032794014650584,-0.19201985064281232,-0.21761078390847785
news_risk_20d,0.1730820709774453,0.37435247719732834,0.3372838644066675,0.16085892243223582,0.14897571091085784,-0.01636496856919541,0.0680133424380115,,0.41340482883426705,0.6262193159754353,0.11830941884182707,0.10411375194400357,0.1730820709774453,0.18960035698654173,0.37435247719732834,0.3372838644066675,0.30417128258711207,0.30109169707657407,-0.43651346832506993,1.0,-0.1147107665514274,-0.43665264435483236,-0.2790357512364004,-0.4895051057929464,0.034518075449118564,0.23418443992208593,0.47547061363058574,0.6494882064387353
news_sentiment_1d,0.018477644531196866,0.015356427411755259,0.019936540957163715,0.06930918365548462,-0.020800684838947477,0.18406216934232056,0.01836870466862056,,0.017048305611770714,-0.2617096784226915,0.027662049576120677,0.008408773409311617,0.018477644531196866,0.02708084124296782,0.015356427411755259,0.019936540957163715,0.01761431641599889,0.012214616485941547,0.19906647153789683,-0.1147107665514274,1.0,0.1993028898263831,0.4248216581431036,0.20210921590655423,0.0029367961411656653,0.2914328420043777,-0.02076928323731805,-0.05985583601677766
news_sentiment_20d,-0.01770757613975191,0.05385065432774513,0.019156696748822984,0.4312904994627352,0.02701527552619637,-0.1046875156056341,0.016228871130574016,,0.11363848684134077,-0.2663437699506592,0.021028031154439786,-0.024022202743614912,-0.01770757613975191,0.032970994229534485,0.05385065432774513,0.019156696748822984,-0.002438572415002833,0.004229254070283696,0.999736914165004,-0.43665264435483236,0.1993028898263831,1.0,0.5283052738118535,0.9594789511761995,-0.015504813198836537,0.3797924952142761,-0.19109552941018568,-0.21718396003593843
news_sentiment_5d,-0.01163234230670078,0.008702259641170322,0.00548480697544336,0.2353263170785028,0.005442466412942635,0.4421046636050902,0.046636513832869125,,0.03445103811786384,-0.5827367101387934,0.009100085298829427,-0.02728682281698736,-0.01163234230670078,0.01539013790733292,0.008702259641170322,0.00548480697544336,-0.01680451382441354,-0.01030590844126516,0.5283589496933153,-0.2790357512364004,0.4248216581431036,0.5283052738118535,1.0,0.5223853267856388,-0.006168946380524842,0.6444890678153762,-0.14802615130957011,-0.15172554264176974
news_sentiment_weighted,-0.03359578143149817,0.025329614261895856,-0.008457394439163947,0.403925934569534,0.015184995019180659,-0.09404015230298085,0.013648893540621404,,0.08684302342138378,-0.3050555902855146,0.005904868339971851,-0.033137323802243095,-0.03359578143149817,0.013745270670741919,0.025329614261895856,-0.008457394439163947,-0.025958282530436125,-0.020436325108552453,0.9591954445810734,-0.4895051057929464,0.20210921590655423,0.9594789511761995,0.5223853267856388,1.0,-0.012901033156706002,0.3331537444571182,-0.20646133580191664,-0.2491192498532401
novel_news_count_5d,0.6393943656813804,0.358944904479834,0.5971076378223404,0.024486473947597856,0.24524153808623309,0.02085524482542037,0.21122155460958125,,0.057272478786448755,0.04091106880422294,0.29103232589045896,0.3270088059906701,0.6393943656813804,0.33500281922268993,0.358944904479834,0.5971076378223404,0.5968697512791606,0.6252577535816833,-0.015545890209912991,0.034518075449118564,0.0029367961411656653,-0.015504813198836537,-0.006168946380524842,-0.012901033156706002,1.0,0.03615049215726446,0.01670764638212401,0.035526767366463895
positive_news_count_5d,0.189412330411547,0.2472219943561403,0.29489605162067195,0.39009301896829934,0.1195101953772778,0.25469109793448214,0.20291421748571759,,0.3072891089230122,0.18749688586501523,0.15172205688866633,0.05886749830372253,0.189412330411547,0.19876168716356166,0.2472219943561403,0.29489605162067195,0.2551425710226352,0.25311331303881507,0.38032794014650584,0.23418443992208593,0.2914328420043777,0.3797924952142761,0.6444890678153762,0.3331537444571182,0.03615049215726446,1.0,0.1430913608192701,0.20448993787724767
regulatory_event_count_20d,0.08358685663252263,0.18093077107819697,0.15765209983645942,0.05302957276557964,0.0709685570539816,-0.02881223072070077,0.16196101441030947,,0.3573365332337858,0.3127071073913797,0.05507883441079768,0.059862268835702004,0.08358685663252263,0.09087844374239992,0.18093077107819697,0.15765209983645942,0.1378286870792501,0.13355349852508794,-0.19201985064281232,0.47547061363058574,-0.02076928323731805,-0.19109552941018568,-0.14802615130957011,-0.20646133580191664,0.01670764638212401,0.1430913608192701,1.0,0.12031042383562594
shareholder_change_count_20d,0.13495000591935097,0.29636434154167834,0.2630672334118483,0.16618075975384192,0.11506393310691095,-0.015683565470644666,-0.004706754626932462,,0.2640896230114849,0.42048271576157775,0.07211427341345915,0.0815211575071871,0.13495000591935097,0.12627352226609143,0.29636434154167834,0.2630672334118483,0.23718945103791853,0.24317122343976003,-0.21761078390847785,0.6494882064387353,-0.05985583601677766,-0.21718396003593843,-0.15172554264176974,-0.2491192498532401,0.035526767366463895,0.20448993787724767,0.12031042383562594,1.0
