factor,category,coverage,raw_ic_research,raw_icir_research,resid_ic_research,resid_icir_research,resid_consistency,resid_icir_valid,resid_ic_valid,r2,independence
downside_volatility_60,volatility,1.0,-0.06733175185908602,-0.3561839123710251,-0.025251201034769948,-0.558520526996904,0.7708333333333334,-0.6889623698954721,-0.03145374345829207,0.8913295640202413,0.10867043597975867
high_52w_proximity,price_position,0.9953336739563589,0.009843643436678803,0.059253148374588095,0.030848423695752775,0.5179679470141821,0.75,0.10921053732778402,0.007953040445794875,0.7244132790938115,0.2755867209061885
parkinson_vol_20,volatility,0.9981244709448901,-0.09808471638791172,-0.5350470889389997,-0.021340097627186458,-0.5019385573474863,0.6666666666666666,-0.596340341748432,-0.032531001244923356,0.9269446906480354,0.07305530935196458
volatility_60,volatility,0.9593470905698349,-0.08175579093860716,-0.459532108759485,-0.020902183833396926,-0.45601064579606876,0.7083333333333334,-0.6627331761243944,-0.031197163623221016,0.888161015408737,0.11183898459126296
amihud_20,liquidity,0.9981244709448901,-0.03384352783430789,-0.2002405395664163,-0.01727158144019059,-0.44228413003882117,0.625,0.0016034651094409143,5.441733628948805e-05,0.9368984334168186,0.06310156658318145
momentum_120,momentum,0.9843362995496778,-0.02210980346061951,-0.13739153855102285,0.025885225541424587,0.44091608597256954,0.6875,-0.027011034957288214,-0.0022926378545443,0.6910550985374081,0.3089449014625919
earnings_yield,valuation,0.04928818452490176,0.0032527704291229185,0.06777353660088686,-0.016114519958263004,-0.40000016452662235,0.6666666666666666,-0.30170443835460653,-0.015794144710594343,0.19653253157542921,0.8034674684245708
roe,quality,0.04868981804217053,0.011851948109090961,0.35327520402534507,-0.01967563024394256,-0.3503278412022104,0.6444444444444445,0.22990051674383297,0.010701154942541024,0.15245079190523378,0.8475492080947662
volume_trend_5_60,volume,0.9939181809505446,-0.05978185356557544,-0.5433762262408668,0.010267242042129964,0.3448690956026588,0.5833333333333334,-0.12299352395885685,-0.003312209436286855,0.9701994323048515,0.029800567695148494
gross_margin,quality,0.04123747978363261,0.014725034832888404,0.38495842155737353,-0.01845769551574113,-0.3359823372391483,0.6666666666666666,-0.020858666365433258,-0.0008312037179129644,0.13706897081823577,0.8629310291817642
news_sentiment_weighted,news,0.4278698161787278,-0.007099087825348606,-0.07884100453144602,-0.012792467446731912,-0.2971337708995726,0.5833333333333334,-0.02690840743514521,-0.0011612194652327993,0.4653038453633959,0.534696154636604
pe,valuation,0.04928818452490176,-0.0036721143081693028,-0.08474840623841498,0.011977308354134401,0.2930122643259828,0.5777777777777777,0.2948265971176398,0.017495235233760478,0.1847604537905139,0.8152395462094861
momentum_20,momentum,0.9931205229338561,-0.06896548093633069,-0.5008846837405976,-0.011509024576783931,-0.29246051935967254,0.5833333333333334,-0.26814858954696463,-0.020402619423897806,0.999999991048233,8.951766994336197e-09
amount_share_20,liquidity,0.9981244709448901,-0.006728073647326048,-0.06774650882680565,0.008314773926351758,0.2908440165808698,0.6041666666666666,0.5645446695947908,0.016542705400395402,0.9932589205429307,0.0067410794570692545
reversal_20,reversal,0.9931205229338561,0.06898652779157412,0.5010645795915152,-0.01075462564470099,-0.28745364572729665,0.5833333333333334,0.133449031081548,0.010383461217053353,0.999999991048233,8.951766994336197e-09
price_vs_ma120,price_position,0.9280765473428537,-0.052031531725552894,-0.3546235162057385,0.012912260836453244,0.2743162608424608,0.5833333333333334,-0.08894082153267807,-0.007834143535167447,0.8616472907294077,0.1383527092705923
buyback_event_count_20d,news,0.4278698161787278,-0.01428459465521617,-0.14275589631512817,-0.009851913177072465,-0.2722757309155845,0.6458333333333334,-0.007664464301098632,-0.0003072907996421956,0.24631747632475418,0.7536825236752458
reversal_5,reversal,0.9972534086871983,0.015470912089278928,0.11078171396785583,-0.010282291591078704,-0.2627381045664136,0.5416666666666666,0.2195252720984667,0.006822536731353915,0.9999999944309185,5.569081529266384e-09
novel_news_count_5d,news,0.4278698161787278,-0.01197374106607362,-0.17693504490081122,-0.008842020619717908,-0.2616259819378446,0.625,-0.25454502243938887,-0.006219264464818718,0.2504523698965507,0.7495476301034494
roa,quality,0.05837017861268941,0.009315681991840212,0.21401565775084005,-0.013365698646941924,-0.2593134462636667,0.6304347826086957,0.19253107345656875,0.008510294829900457,0.15499658642559766,0.8450034135744023
net_margin,quality,0.05811110597527963,0.013706972467211928,0.44737962976731493,-0.011196280639271706,-0.2560378649803875,0.5555555555555556,-0.21841359645485953,-0.008771753654254628,0.17308594197318772,0.8269140580268123
news_attention_20d,news,0.21481571824880447,0.0038060689929559923,0.06367511057685549,0.01235665049309119,0.24979632837516894,0.625,-0.04102654541772196,-0.001831624329706538,0.48017599662738014,0.5198240033726198
price_vs_ma60,price_position,0.9598786939869726,-0.07081652814616073,-0.4642553666334989,-0.009266179329081031,-0.2438757176137973,0.5416666666666666,-0.15521122170435936,-0.004768841867935736,0.9739016720156273,0.026098327984372727
event_sentiment_shock,news,0.4278698161787278,-0.013309358347294869,-0.14415793106157312,0.010240896721186435,0.23890750542261752,0.6458333333333334,0.10444077773557274,0.0037782333885638627,0.18457583493178087,0.8154241650682191
news_count_1d,news,0.4278698161787278,-0.02071152663347975,-0.25679824781185495,-0.008563448795962554,-0.23663685758407554,0.5208333333333334,-0.08181905074551944,-0.002659066062755292,0.30099297969706096,0.699007020302939
max_return_20,microstructure,1.0,-0.09162974142576563,-0.6228323575180604,0.008164622715502143,0.23153861436391351,0.5416666666666666,0.007880164523450577,0.00018675025395695384,0.9497639924137543,0.05023600758624569
revenue_growth,growth,0.05913310271808869,0.004157451556829959,0.12017176859043445,-0.009452143798932482,-0.23045801384275447,0.6086956521739131,0.5447976176163258,0.020180119607468287,0.15128688610916194,0.848713113890838
net_profit_growth,growth,0.05669300199832831,-1.4251661302767795e-05,-0.00044486632057655514,-0.008965227212266488,-0.22916487321515477,0.6444444444444445,0.1766840665993638,0.005128806683512381,0.13450037158834552,0.8654996284116545
news_positive_negative_ratio,news,0.4278698161787278,0.0018472386127896152,0.019510542592570602,-0.009426336289379495,-0.21944686274752234,0.5833333333333334,-0.1343197626867918,-0.005635394516075924,0.4334704027050149,0.5665295972949851
news_sentiment_20d,news,0.4278698161787278,0.0018418183756110686,0.019453585262767963,-0.0094773680959554,-0.21939626699987624,0.5833333333333334,-0.1310951858276187,-0.005491372270371526,0.43377837773868677,0.5662216222613132
news_attention_1d,news,0.21481571824880447,-0.018690050396568434,-0.34109169506614806,-0.007897368113346149,-0.2169252029711644,0.5833333333333334,-0.03480486217126974,-0.0009559555838622285,0.22347013089180687,0.7765298691081931
gap_count_20,microstructure,1.0,0.014683809528223887,0.3822422789197662,0.007947710608473964,0.20401456823126046,0.6666666666666666,0.22643814173208385,0.00845995609972052,0.41020459805695886,0.5897954019430411
debt_to_asset,quality,0.05850496097106039,-0.002892362723988559,-0.0969648356224632,0.0073805375343152825,0.1939331605929289,0.5869565217391305,-0.5416143829103772,-0.019246284666904884,0.1493621137734186,0.8506378862265814
skewness_60,microstructure,1.0,-0.006756951889779514,-0.09431176992487803,0.005940606752089613,0.19365825502811643,0.5625,0.10081774164887669,0.003176248636995212,0.6068354698218021,0.39316453017819786
ocf_to_net_profit,cash_flow,0.05809917276992259,-0.00825031056893158,-0.25131162494414955,0.007500225493737678,0.1868575051384002,0.5333333333333333,-0.1605257624585082,-0.004959079335763543,0.13135216426113644,0.8686478357388636
news_sentiment_5d,news,0.4278698161787278,-0.011096203507034023,-0.11605908169164414,-0.006205625003602747,-0.16286949799663278,0.5416666666666666,-0.1065747730304634,-0.004913344154706937,0.2985101005405867,0.7014898994594133
volume_ratio_20_60,volume,0.9598786939869726,-0.0589970617350554,-0.5263589738760895,0.006080197198510317,0.16026416989230044,0.5625,0.02504131912411316,0.000701506036636529,0.9999999448448319,5.515516809939669e-08
limit_down_count_20,microstructure,1.0,-0.0322522694958619,-0.29506967168617204,0.006507299263317613,0.15993992735132573,0.5416666666666666,0.27447822859869603,0.013286244039174756,0.5161465086118485,0.4838534913881515
momentum_60,momentum,0.9876093548188296,-0.06661349968476209,-0.4880785013683952,-0.007616433514169488,-0.1494237874539427,0.5,-0.17508001752132055,-0.00865049609386632,0.9999999741429232,2.585707681301841e-08
positive_news_count_5d,news,0.4278698161787278,-0.02090390015989237,-0.21403767154764122,-0.004220510141075612,-0.11951095398556119,0.5,-0.1684608379753965,-0.007334557175765549,0.26657287858847173,0.7334271214115282
intraday_return_20,microstructure,0.9981244709448901,0.0024236878846196686,0.026244201335623024,-0.0053947156010546275,-0.11399667925854884,0.5416666666666666,0.35498423878043106,0.014220423923581194,0.26212703015958,0.7378729698404201
overnight_return_20,microstructure,0.9967453980222957,-0.003091470760101999,-0.03350826211414752,0.005263001663514024,0.11228529173293439,0.5208333333333334,-0.3581913524337776,-0.014338633734699851,0.2619080537068257,0.7380919462931743
overnight_intraday_ratio_20,microstructure,0.9967453980222957,-0.003290318627208214,-0.035713625960391585,0.005292148179232307,0.11216550695975362,0.5208333333333334,-0.35633121363166825,-0.014292871265870546,0.26220275099517315,0.7377972490048268
news_importance_5d,news,0.4278698161787278,-0.00421348017793959,-0.057025750274460434,-0.002681820324785833,-0.10573646733216388,0.5625,-0.2767439754925841,-0.00844022093845853,0.5356013824642766,0.4643986175357234
major_event_count_20d,news,0.4278698161787278,-0.013288194468704037,-0.1396533469619167,-0.003806964058065915,-0.10165491001976952,0.5208333333333334,-0.06882779307941943,-0.00339336388470474,0.47199483104132556,0.5280051689586744
news_novelty_5d,news,0.4278698161787278,-0.004006909390692215,-0.0543448387208453,-0.002188324822336736,-0.08419761228254677,0.5208333333333334,-0.14297439411774782,-0.004621968928078406,0.5187311985313007,0.4812688014686993
news_sentiment_1d,news,0.4278698161787278,0.0066558539764351304,0.07480897229302222,0.003437133882983574,0.08076680537538351,0.625,-0.17852233549787908,-0.007224834879020853,0.2294816390215194,0.7705183609784806
volume_price_corr_20,volume,0.9944166657491803,-0.02738414610253417,-0.31425359550178705,-0.002210743587947012,-0.07695140621753971,0.5625,-0.4705037504599078,-0.011294413912805707,0.7451925675588891,0.2548074324411109
shareholder_change_count_20d,news,0.4278698161787278,-0.018702319712354656,-0.18940095730694262,-0.0026404142835635713,-0.0629080504874527,0.5208333333333334,-0.7740370332106878,-0.02195457106217616,0.9915559357484441,0.00844406425155586
earnings_event_count_60d,news,0.4278698161787278,0.013149788628387777,0.18915526993929666,-0.0021755915233415603,-0.06251869839596502,0.5625,-0.09007595021194083,-0.0032781465719682198,0.43848569119355546,0.5615143088064445
event_shock,news,0.03316458721617211,-0.02603994022438597,-0.64379574033757,0.0023457537446703466,0.05795061126747822,0.5531914893617021,0.01573898989581966,0.00067456237576239,0.1877031721385498,0.8122968278614502
announcement_attention_5d,news,0.21481571824880447,-0.0002884582682554486,-0.00591056902734355,0.001806435545335933,0.054768700710324525,0.5416666666666666,-0.1863445006416669,-0.005206480455129927,0.3217825930453131,0.6782174069546869
news_attention_5d,news,0.21481571824880447,-0.0002884582682554486,-0.00591056902734355,0.001806435545335933,0.054768700710324525,0.5416666666666666,-0.1863445006416669,-0.005206480455129927,0.3217825930453131,0.6782174069546869
regulatory_event_count_20d,news,0.4278698161787278,-0.020596136908195145,-0.22534240148639295,0.0022708357901537845,0.053229773157331316,0.5625,0.605563078282125,0.01998250252790375,0.4370153707058213,0.5629846292941787
news_risk_20d,news,0.4278698161787278,-0.016713908047476286,-0.17094529179580517,-0.0020322077283615567,-0.04757724531476829,0.5208333333333334,-0.7740245423469698,-0.0219545320337703,0.987183126321149,0.012816873678850982
kurtosis_60,microstructure,1.0,0.027244353745081815,0.26407233561881993,0.001694085510633996,0.04633345960228864,0.5208333333333334,0.2579351072182241,0.00545929923396195,0.7197910831875328,0.2802089168124672
ocf_to_assets,cash_flow,0.05717572002721834,0.0037819496843951397,0.11020178001582745,-0.002132095782097449,-0.046098657030211924,0.5111111111111111,0.05695236971029733,0.001674279772140676,0.1530221150687637,0.8469778849312363
operating_cash_flow,cash_flow,0.05828473424018773,-0.00013729234989901638,-0.0032492650590148324,-0.0019667259111674734,-0.04550703323992011,0.5869565217391305,-0.03504631513575303,-0.0016954406646842266,0.14537321171564285,0.8546267882843571
volatility_20,volatility,0.9847335433498517,-0.08982555734830362,-0.5121756158435448,0.0016274670672363951,0.04344699111891457,0.5,0.03138671229887843,0.0007302687459600088,0.9999999829219263,1.707807373296788e-08
amount_20,liquidity,0.9855560504978216,-0.02697975026518878,-0.19377012267990057,0.0014781835926592584,0.04028622843683335,0.5,0.04519035710127481,0.0010425113437423788,0.999999984638642,1.536135796342819e-08
price_vs_ma20,price_position,0.9855560504978216,-0.03827186047492196,-0.27288473214622294,0.001478128811742355,0.04028504820616463,0.5,0.04518333215235387,0.0010423759654376813,0.999999984638642,1.536135796342819e-08
volume_ratio_5_20,volume,0.9855560504978216,-0.02996896832232196,-0.31611696697241876,0.0014778770124274376,0.040278842617485454,0.5,0.04518723793983651,0.0010424532348495953,0.999999984638642,1.536135796342819e-08
news_count_20d,news,0.4278698161787278,0.012501730252686027,0.15491791497362356,0.0012148104218856724,0.0284204175637658,0.5625,-0.3860400970538537,-0.012917221916186805,0.9422098254594422,0.05779017454055779
announcement_count_20d,news,0.4278698161787278,0.012501730252686027,0.15491791497362356,0.0012148104218856724,0.0284204175637658,0.5625,-0.3860400970538537,-0.012917221916186805,0.9422098254594422,0.05779017454055779
announcement_count_5d,news,0.4278698161787278,0.0009276996304594508,0.01236130055105215,0.0007630862522352358,0.02644788031452893,0.5,-0.2768860912945759,-0.00828098302508022,0.5794927104699629,0.42050728953003713
news_count_5d,news,0.4278698161787278,0.0009276996304594508,0.01236130055105215,0.0007630862522352358,0.02644788031452893,0.5,-0.2768860912945759,-0.00828098302508022,0.5794927104699629,0.42050728953003713
amount_60,liquidity,0.9598786939869726,0.005074060379168491,0.03864444191707465,-0.00016953272807138388,-0.0046697001518763515,0.5416666666666666,-0.016852566180315352,-0.00046042365850415865,0.9470696316950322,0.05293036830496778
negative_news_count_5d,news,0.4278698161787278,-0.01693852169906881,-0.18151830153696677,0.00010327546428388033,0.002589430489673918,0.5208333333333334,-0.06148613415696516,-0.0024347293269136893,0.5051073025246042,0.49489269747539577
limit_up_count_20,microstructure,1.0,-0.086825103097832,-0.7331455405957759,3.811846733844387e-05,0.00116149595872067,0.5208333333333334,-0.09182241662069159,-0.00222544625049751,0.6929127060749106,0.3070872939250894
