,amihud_20,amount_20,amount_60,amount_share_20,announcement_attention_5d,announcement_count_20d,announcement_count_5d,buyback_event_count_20d,debt_to_asset,downside_volatility_60,earnings_event_count_60d,earnings_yield,event_sentiment_shock,event_shock,gap_count_20,gross_margin,high_52w_proximity,intraday_return_20,kurtosis_60,limit_down_count_20,limit_up_count_20,llm_confidence_20d,major_event_count_20d,max_return_20,momentum_120,momentum_20,momentum_60,negative_news_count_5d,net_margin,net_profit_growth,news_attention_1d,news_attention_20d,news_attention_5d,news_count_1d,news_count_20d,news_count_5d,news_importance_5d,news_novelty_5d,news_positive_negative_ratio,news_risk_20d,news_sentiment_1d,news_sentiment_20d,news_sentiment_5d,news_sentiment_weighted,novel_news_count_5d,ocf_to_assets,ocf_to_net_profit,operating_cash_flow,overnight_intraday_ratio_20,overnight_return_20,parkinson_vol_20,pb,pe,positive_news_count_5d,price_vs_ma120,price_vs_ma20,price_vs_ma60,ps,regulatory_event_count_20d,revenue_growth,reversal_20,reversal_5,roa,roe,shareholder_change_count_20d,skewness_60,turnover_20,turnover_60,turnover_volatility_20,volatility_20,volatility_60,volume_price_corr_20,volume_ratio_20_60,volume_ratio_5_20,volume_trend_5_60
amihud_20,1.0,-0.9102958018770533,-0.9143185627525244,-0.005466227742462693,-0.04027586992618106,-0.13686157796773765,-0.10606795240261069,-0.07627821411219182,0.023697925875641818,-0.11747599024689505,-0.04828777882564992,-0.13776240717775246,0.019318645610632557,-0.01626475318470393,0.02553643099442603,-0.18663771828171738,-0.2532126551080836,-0.10718016538021342,0.10232868384991996,-0.052690897640534244,-0.058470692393482286,,-0.14482730571144242,-0.17321810780460947,-0.2908659469624602,-0.07450505923532828,-0.20807829281163773,-0.0671617712606803,-0.23945152482840965,-0.1887398178355237,-0.04334750708244026,0.008203755323411735,-0.04027586992618106,-0.06265286501687155,-0.13686157796773765,-0.10606795240261069,-0.09295661824749535,-0.09761405606825418,-0.02360409955463558,-0.10738609009812201,-0.010132603191312444,-0.023501715714753096,-0.013043745759265958,-0.013691951631359176,-0.008491004482821944,-0.12572120525981317,0.1502401593708948,-0.27845744089090746,0.10573644429444234,0.10656390487843319,-0.15899606557321186,,0.10861196720703425,-0.0787045494752596,-0.24497766133756635,-0.04175679451606309,-0.15534069837547163,,-0.040054703572517524,-0.07439447372845417,0.07450505923532828,0.027931971894098618,-0.14014797658372732,-0.29024078764481687,-0.0873125681362264,-0.09168659830750125,,,,-0.1550049244358386,-0.19505170373935307,-0.11005140986362875,-0.08703738746415109,0.02272956928910715,-0.06456869471808664
amount_20,-0.9102958018770533,1.0,0.952204354723357,-0.022548870386482327,0.04290244976949259,0.13912646410762425,0.10520523492795124,0.0772868545190565,-0.06113561408773362,0.35711522854265976,0.056321941114068484,-0.0930673382493746,-0.01856550698577819,0.030997257065236938,-0.022027590818331624,0.11184550318994257,0.2157121096018576,0.05103396909864245,-0.15753117936288477,0.1917693887759926,0.2762387699029041,,0.1435256575882008,0.4626170611457147,0.34768783851431095,0.13370119707008246,0.283878907669748,0.06845164540485747,0.1386496313784929,0.2085967631962071,0.04201209397281792,-0.0018597164617448019,0.04290244976949259,0.06049374142951606,0.13912646410762425,0.10520523492795124,0.09143096019843344,0.09637275063550126,0.021506562458395755,0.10851636926620199,0.012162683120232493,0.02148159170766409,0.00964703641555917,0.011736705595410088,0.009869615261642846,0.17102812625027883,-0.12553547183886518,0.15918023149193966,-0.04883415433835938,-0.04981754569483517,0.4631950999319421,,0.10568912776546929,0.07670490624761034,0.3179324689512016,0.047256253706110855,0.2243357053629552,,0.040250366123313286,0.1636300241499848,-0.13370119707008246,-0.0005610780841679546,0.19002435687407931,0.34009855120384597,0.08875416598906509,0.1647336191798132,,,,0.47787564939978394,0.4616306505985787,0.1249166398375428,0.23992718695321077,-0.019126900279869446,0.16645326288480203
amount_60,-0.9143185627525244,0.952204354723357,1.0,-0.019958368005854245,0.04103546429367786,0.1356037310400429,0.1063935183598112,0.07686794210239044,-0.06106735802374979,0.40205343056578075,0.053561552154629814,-0.08969249859798002,-0.015494249822792266,0.02720018161460432,-0.02049849961985369,0.10464302581751897,0.15746550370415308,0.05282128518768767,-0.17546198437398852,0.1449714365607466,0.15712663952741754,,0.14299589698616144,0.3325701690815423,0.31321398371877235,0.01887557196909952,0.18692704015123976,0.06834325391500838,0.13382293710604468,0.21732082682533693,0.04402839547090218,-0.009632518055394335,0.04103546429367786,0.062439953697421634,0.1356037310400429,0.1063935183598112,0.09240961158046652,0.0983189468216419,0.019471600843366233,0.1088505988999831,0.011573865643266502,0.019376849522483156,0.01046966782531907,0.009211338470836694,0.01238913784045218,0.17169097811929396,-0.12369512030038889,0.16761666211108192,-0.05160347501391802,-0.052291767111798206,0.355800869748367,,0.10127212185329895,0.07753298837133075,0.22370463044952568,-0.012575902406707647,0.08041826144199243,,0.03904193387294304,0.16965557234605635,-0.01887557196909952,0.015006820507035798,0.18692296849907594,0.33758969069030037,0.0887198773603403,0.14273613422331125,,,,0.37053243171756517,0.4731227113795177,0.07233749832269849,-0.03225004843866024,-0.0308787186837292,-0.030553350902007965
amount_share_20,-0.005466227742462693,-0.022548870386482327,-0.019958368005854245,1.0,0.09724820120512741,0.044032555627445326,0.06770613319697706,0.013917853892781828,0.039788124874742016,-0.13205553426438246,0.01932897778273115,0.0504521194449521,-0.012678625186441667,0.04037923159851175,0.006648771129368947,0.08565201175347513,0.15504522140660645,-0.008802862514420256,-0.012465997668422567,-0.044741829248597646,0.013822456002594664,,0.021894928829416904,0.025191179983228878,0.08746161626527281,0.3040454244338872,0.10283843855216489,0.006503188318624495,0.08517344389699005,-0.01263457024893794,0.09835947545574138,0.04887663422953461,0.09724820120512741,0.06983735692369673,0.044032555627445326,0.06770613319697706,0.06991131791705396,0.06516323688172541,0.007447441497213545,0.0018648161554582706,0.005699528909700178,0.007793874117366033,0.0017231803679112895,0.007034149335816787,0.061864415543099155,-0.0032188704377503208,-0.0015765967648842286,0.04862045407551251,0.01122070426149078,0.010448113658857774,-0.06615282043930952,,-0.04945148071018918,0.007676356176239351,0.15845286556967905,0.48833617333443385,0.24176655653453305,,-0.0018886122937334193,0.0036663334234512293,-0.3040454244338872,-0.445741433612795,0.0047965491022603024,0.04572793373560336,0.001606211740036512,-0.033534213251860644,,,,-0.06016897869328127,-0.09853173547683576,0.0955575066533284,-0.007292777040927189,0.7145148485063926,0.4777545367055736
announcement_attention_5d,-0.04027586992618106,0.04290244976949259,0.04103546429367786,0.09724820120512741,1.0,0.4251492040540961,0.9248107648675786,0.10569816959288318,0.07350879369993805,0.021957394678873376,0.11817570874864212,0.05844366459763705,-0.010217508451067775,0.4634266888712524,0.01739030099623931,-0.059608561233385565,0.009003822535041471,-0.011172655392233328,-0.012203192420574457,-0.006669975582776585,0.009164894709106893,,0.18148917509411922,0.022513730152142735,0.02860468258059345,0.0164818153541474,0.005603577225369257,0.19936073220076853,0.0028065177733880542,-0.050305318328510006,0.5055771489912497,0.5413031671938319,1.0,0.49491472079941223,0.4251492040540961,0.9248107648675786,0.9197183580733005,0.9006590879776623,-0.01770858901345319,0.17141184408166224,0.012380272916211315,-0.019303086079388212,-0.009147845001335964,-0.0358591432708423,0.6329106823243867,-0.14956737003884718,-0.11304511492648102,-0.10991867675275462,0.010203175870246904,0.011225096367950582,0.023923380328698358,,-0.07035784348180621,0.19136940423600235,0.016842988975318843,0.0184444323990297,0.009240935847980188,,0.07841390366461598,-0.04962819797541052,-0.0164818153541474,-0.026403550771793922,-0.029127391151480417,-0.07964580814925758,0.13858981863670294,0.006518073668133687,,,,0.025961119677800296,0.025736127122155218,-0.0027760547476167554,-0.012109876581954759,0.07047912533515249,0.04658496557456793
announcement_count_20d,-0.13686157796773765,0.13912646410762425,0.1356037310400429,0.044032555627445326,0.4251492040540961,1.0,0.7023103580961031,0.24203685433444908,-0.04579076973700729,0.03356893244623835,0.5251251670050329,-0.02798138312591761,-0.06801712234674644,0.3260573025822641,0.010626471462209247,0.049041920592043556,0.050748500874489594,-0.022755265401532235,-0.028334551490335386,0.003831637611190973,0.007321717006491733,,0.5025624391146567,0.06305206060132976,0.05137820455987916,0.03129218066901412,0.03707236991729986,0.24210715409918415,0.022934515469779537,-8.887626328531118e-05,0.24438270615878863,0.5801785385606094,0.42514920405409606,0.3849043067814608,1.0,0.7023103580961031,0.6517592369624473,0.623319127301626,0.05147852742224105,0.3764687021804483,0.010257021611723734,0.05088364586816332,0.009141055550806368,0.020837103769559082,0.3557868041802276,0.11163917998380807,0.06141293128125585,0.05637706155730294,0.02377116866009807,0.022956811147636414,0.05069113568215708,,0.032123379343996485,0.24710021726160694,0.05102583947451902,0.028537410213013082,0.04155003554269624,,0.17770164171774977,0.03750378624793897,-0.03129218066901412,-0.026468480708530917,0.05718031851631566,0.026695121548966243,0.3039473759153879,0.023345908392974606,,,,0.055844239149307105,0.04853739329034266,0.021750321513606303,0.021285649581646564,0.04882167166215869,0.052196450240354665
announcement_count_5d,-0.10606795240261069,0.10520523492795124,0.1063935183598112,0.06770613319697706,0.9248107648675786,0.7023103580961031,1.0,0.2076501958686674,0.010098288048977756,0.026747795005117748,0.39581015009180126,-0.0031125451564007075,-0.04097992807716953,0.5042227084513116,0.010808469206912507,-0.02178525413955592,0.023996043263480732,-0.011927380438537525,-0.02271852226521717,0.0033408474867203043,0.007041054977201201,,0.4129505926793747,0.03561134118644844,0.031882172413762906,0.011599569876901495,0.017118559186474647,0.29274015160111105,0.0041334510356881545,-0.039358786030111795,0.49383024301770445,0.43347210855601914,0.9248107648675788,0.560175710638425,0.7023103580961031,1.0,0.9599415568542327,0.9384241942574518,0.016981851064350927,0.33826110479533383,0.012841395813215395,0.01651090679158132,0.006386892207667042,-0.012414363407920063,0.5907012184393529,0.04092772015890755,0.017501414361316827,0.024011635365898815,0.012369697080910458,0.01205388264057313,0.028097575324959226,,0.003632030281146964,0.29604000990622015,0.02287646242265,0.018057582837658157,0.016891713254850876,,0.15142482477274652,-0.010254955201030872,-0.011599569876901495,-0.02512286276840198,0.03071088363914914,-0.01859900298858884,0.27092419513837496,0.015657665244108946,,,,0.03441008617659281,0.034285150638479256,0.008396048194430189,-0.0015327277530747605,0.051912756215583576,0.03995187080103977
buyback_event_count_20d,-0.07627821411219182,0.0772868545190565,0.07686794210239044,0.013917853892781828,0.10569816959288318,0.24203685433444908,0.2076501958686674,1.0,,0.015984791109151995,0.10073957480431912,,-0.11756437715947166,0.045596951588405245,0.0006449609995474556,,0.02534670573814442,-0.00036829854723637484,-0.02372764237330084,-0.0007672259010341222,0.0018476365823794198,,0.23678759276869532,0.025004302308628944,0.021808162971670413,0.010548003478504799,0.00929907092975015,0.11780645117769188,,,0.10606379192015154,0.06609913051689999,0.10569816959288318,0.15194650569356807,0.24203685433444908,0.2076501958686674,0.17560437574121804,0.1791797795259472,0.43443588072691613,0.16229551067369305,0.06836781154228293,0.4328447984319291,0.2381452235719904,0.40448050670751884,0.03120060551431526,,,,0.0029377847504513488,0.0005042281278177794,0.018404256021738466,,,0.3932583978452036,0.01994024616707272,0.011451749406922548,0.018003605087479915,,0.045314424144781776,,-0.010548003478504799,-0.014416100908709387,,,0.16897286557254745,0.011299709638006581,,,,0.021260811910648086,0.02110796986877256,0.016378630320216053,0.011499595175928587,0.012545205287262622,0.014910458194847938
debt_to_asset,0.023697925875641818,-0.06113561408773362,-0.06106735802374979,0.039788124874742016,0.07350879369993805,-0.04579076973700729,0.010098288048977756,,1.0,-0.1293543427748375,-0.0555979938397754,0.10608603266433847,,,0.037322992993685106,-0.46508003698670447,0.015119953096239676,-0.01919145314623388,0.028345382295328618,-0.016778871593226292,0.01671792242980196,,,-0.11140728954096084,-0.029147821343670065,-0.013682516395620509,-0.010918668429701572,,-0.09586816742539847,-0.16430978216334532,0.09890925842986517,0.04025044514617774,0.07350879369993805,0.05773910299367793,-0.04579076973700729,0.010098288048977756,0.02485675772066702,0.021137087456613256,,,,,,,0.014478414677860096,-0.305203639090337,0.12862726981572245,0.04427186960287064,0.013010713222515248,0.01917686455670087,-0.1394306692255041,,-0.13573342406530536,,-0.00655134255529497,-0.00713562438264398,-0.007463118615195342,,,-0.12588149979752603,0.013682516395620509,0.007363568224674497,-0.42952099792977416,-0.2575542858094067,,0.04821165222966356,,,,-0.12280170919668872,-0.1275002513619037,0.044881178309669194,-0.005709095054571888,0.001440285192457002,-0.014455711617340687
downside_volatility_60,-0.11747599024689505,0.35711522854265976,0.40205343056578075,-0.13205553426438246,0.021957394678873376,0.03356893244623835,0.026747795005117748,0.015984791109151995,-0.1293543427748375,1.0,0.035732722174208274,-0.526263477795931,0.006809613700273454,0.05351740360426191,0.02556867478116026,-0.1745660415467149,-0.2832942878565425,-0.14456303768893072,-0.14502143955580968,0.36308165817886123,0.31299455684822514,,0.03635843650313502,0.5093120995742052,0.06281437167081859,-0.17516393750222337,-0.0978576910810921,0.02404905272875051,-0.2095056253127696,0.11210000419207208,0.005292897520607212,-0.0036237540806655292,0.021957394678873376,0.008822670966751206,0.03356893244623835,0.026747795005117748,0.022918063812720064,0.023642781790100844,-0.0010978588108593093,0.036348010834679416,0.004435357964792372,-0.0012593301266318243,-0.0031251741360267724,-0.0037488831503470813,0.009987945820071138,0.1294806080815575,-0.005431036494291848,-0.29071890663404865,0.1436401098699079,0.14403922084164825,0.688611909568829,,0.4966269314646513,0.021393444233466036,-0.07012220017652795,-0.2217324030819513,-0.19859893188155642,,0.01413348598533143,0.22551474332791185,0.17516393750222337,0.17649158909719573,0.17172049748862972,0.08593263557832122,0.03419467614348486,-0.044124143180318404,,,,0.7094500406990748,0.9132127607958681,-0.09572043995003622,-0.07800626417888015,-0.08966255794438281,-0.11301196261910351
earnings_event_count_60d,-0.04828777882564992,0.056321941114068484,0.053561552154629814,0.01932897778273115,0.11817570874864212,0.5251251670050329,0.39581015009180126,0.10073957480431912,-0.0555979938397754,0.035732722174208274,1.0,-0.021756060208604506,-0.0343204790669309,0.10580388005135322,0.006011494440753833,0.04703094189153778,0.008291547772391607,-0.02314558644425199,-0.015314482182398337,0.010872404973986949,0.003617926760233966,,0.240449746175878,0.03858846212724049,0.01580907965413588,0.010064040773455659,0.021493055202228894,0.112718315124206,0.015795772519298822,-0.0030399072891931817,0.08159170360856942,0.09852417424525257,0.11817570874864214,0.21859844024151845,0.5251251670050329,0.39581015009180126,0.3786430203438587,0.34192178524494804,0.028936521685078476,0.15109354243877296,-0.024782296005797,0.029017038498362218,0.008011432259256135,0.016353048399079643,0.2401136311776716,0.11754508042155498,0.07366960782999762,0.06472615050594226,0.02331547943388539,0.023206407072133672,0.043964689470408706,,0.02589087890002742,0.12204884502532992,0.02135241730248651,0.008508709948422363,0.018817378395008837,,0.06981493075200484,0.02496086199655127,-0.010064040773455659,-0.005005348298037708,0.0571152543255116,0.01764547452167599,0.12012151191952329,0.006136178639707179,,,,0.044182704110215666,0.04149285523007725,-0.004762682121179856,0.024814934486832977,0.022720827211451272,0.036373209601460045
earnings_yield,-0.13776240717775246,-0.0930673382493746,-0.08969249859798002,0.0504521194449521,0.05844366459763705,-0.02798138312591761,-0.0031125451564007075,,0.10608603266433847,-0.526263477795931,-0.021756060208604506,1.0,,,0.07753439259719798,0.22847355420399146,0.1234113346172026,0.040844029216072816,0.07694569853633572,-0.14819220337939873,-0.1916524491323982,,,-0.4122248932328804,-0.20314184824378742,-0.042568008998849764,-0.142570335249907,,0.358026669740999,0.05488920607864231,0.06503487180554936,0.014295181690203803,0.058443664597637064,0.027559867087426238,-0.02798138312591761,-0.0031125451564007075,-0.001373811351811026,0.004252099838178444,,,,,,,0.0003134354922390677,-0.19551361681862084,-0.22307428826003073,0.2459066962086834,-0.03888400221645867,-0.041268843830320055,-0.5320696226234933,,-0.9377060176426839,,-0.15513035030856964,-0.03175001800872463,-0.10641825922615063,,,-0.04608709283402593,0.042568008998849764,0.022975855987182693,0.09826861416473896,0.30013641643417066,,0.006906839631824456,,,,-0.4798895344834291,-0.5254205180608028,0.02177616642199491,-0.014664051778321616,-0.008760468395398884,-0.014618043934865788
event_sentiment_shock,0.019318645610632557,-0.01856550698577819,-0.015494249822792266,-0.012678625186441667,-0.010217508451067775,-0.06801712234674644,-0.04097992807716953,-0.11756437715947166,,0.006809613700273454,-0.0343204790669309,,1.0,0.020273831335466733,-0.00453619122802092,,-0.004491459747984128,-0.010610517245369357,-0.005161332466176677,-0.0007860738738175353,0.0001798997635448415,,-0.05917263944511466,-0.0017868726465874799,0.0065891793797404315,-0.00911232841923253,0.005197963837175921,-0.2919200228606265,,,-0.01722804228148862,-0.004011313153612785,-0.010217508451067774,-0.032895069772338165,-0.06801712234674644,-0.04097992807716953,-0.03878199760937748,-0.03556310274238533,-0.10467289569923206,-0.012285812169125207,0.18272120976635542,-0.10438648893240982,0.4455990569176597,-0.09187233327025661,0.022019605416997826,,,,0.009289921553718794,0.010478166198485274,0.0015448685994268454,,,0.2591813596855881,0.0022532293493407016,-0.008725673697178034,-0.006565406900847374,,-0.01692610632558965,,0.00911232841923253,0.007159670508482815,,,-0.010751247542866417,-0.005136187777915924,,,,0.0013416645615166773,0.0074079167188203674,-0.01244357846698244,-0.015258517238262007,-0.014126800891349144,-0.018073986909102488
event_shock,-0.01626475318470393,0.030997257065236938,0.02720018161460432,0.04037923159851175,0.4634266888712524,0.3260573025822641,0.5042227084513116,0.045596951588405245,,0.05351740360426191,0.10580388005135322,,0.020273831335466733,1.0,0.005354484913238594,,0.016241993197711933,-0.00305820198690721,-0.015645951822572526,-0.016897723800137952,0.020368179237724198,,0.5367341516844012,0.05200928166576386,0.009718915324489529,0.0331300353219311,0.0004879559350873137,0.13635200098121683,,,0.19926689222823665,0.2588083013361929,0.4634266888712524,0.20625464910190638,0.326057302582264,0.5042227084513117,0.4862328329619087,0.35451025280582255,0.022067992557079568,0.06410001129538968,-0.007034353516504716,0.006220741282732351,0.04930255971771413,0.0027146785178110678,0.20305077005007297,,,,0.002883901260173799,0.0036711834873681634,0.06552263601199641,,,0.19735661417338757,0.03797134195378687,0.05376415461285757,0.03605003767838481,,0.14833756082140512,,-0.0331300353219311,-0.05478892149609119,,,0.0029314028171214834,-0.01358956587445013,,,,0.06344678581134083,0.046266318376782724,-0.018311720786794758,0.007591916398909459,0.08218858685332471,0.057907070455814696
gap_count_20,0.02553643099442603,-0.022027590818331624,-0.02049849961985369,0.006648771129368947,0.01739030099623931,0.010626471462209247,0.010808469206912507,0.0006449609995474556,0.037322992993685106,0.02556867478116026,0.006011494440753833,0.07753439259719798,-0.00453619122802092,0.005354484913238594,1.0,0.012125080353439555,-0.00977402555708247,-0.14739219176913662,-0.010763433790243492,-0.0015549309099862363,-0.0003101286889975647,,0.011637527091491693,0.009498315930991331,0.00021517244059390147,-0.004415167536874005,-0.003180373109348619,0.0015412120767939463,0.06477105432451909,0.05460909696291658,0.010292631431874998,0.007395378012013491,0.017390300996239307,0.0048241119284553255,0.010626471462209247,0.010808469206912507,0.008713300324272089,0.005364854436384938,0.002987582592349694,0.0013095680021993912,-0.00021754765754696955,0.003894347492442674,0.0017640534487885487,0.0045076942295189226,0.0035609575979310844,0.012588932964024278,-0.03504106324839115,0.09410955897185713,0.14796171036610847,0.1474494080959304,0.018796210407145807,,-0.08252610925046383,0.003758898826333673,-0.004929424032734652,0.003850708068537561,-0.00430256760251804,,0.005282532597323505,-0.004135601466577463,0.004415167536874005,-0.003976084582882206,-0.007867184515966772,-0.017101441528074027,0.010247309047019074,-0.0017650322450381082,,,,0.01890298551910501,0.02834390422959517,-0.0014587048833183977,-0.00746240323578884,0.005673544701823876,-0.002852287482855851
gross_margin,-0.18663771828171738,0.11184550318994257,0.10464302581751897,0.08565201175347513,-0.059608561233385565,0.049041920592043556,-0.02178525413955592,,-0.46508003698670447,-0.1745660415467149,0.04703094189153778,0.22847355420399146,,,0.012125080353439555,1.0,0.22672637581946403,0.0003930626881162142,-0.061163149448969445,-0.057213096846152965,-0.09912966638037655,,,-0.06294186736046176,0.07486878037203656,0.07339685385928016,0.062420702047030284,,0.5829240004818746,0.22202196187142317,-0.029093690585894973,-0.03192238548760866,-0.059608561233385565,-0.020315620452897615,0.04904192059204357,-0.02178525413955592,-0.03150562859298315,-0.021994871723998277,,,,,,,-0.017035949766163103,0.3754334806432251,-0.1291871280817952,0.20369823609464394,0.013285537140344559,-0.0005223606679491048,-0.08132219936944311,,-0.1799185737393785,,0.08599000701509724,0.07899518256476773,0.08576283190989992,,,0.13527718000622893,-0.07339685385928016,-0.05566583252179037,0.519612547281379,0.47331411713023697,,-0.002782254957099599,,,,-0.11606404970417397,-0.14713384582229172,-0.033450470337490774,0.018979267350713626,0.05261303645312231,0.06393734133567616
high_52w_proximity,-0.2532126551080836,0.2157121096018576,0.15746550370415308,0.15504522140660645,0.009003822535041471,0.050748500874489594,0.023996043263480732,0.02534670573814442,0.015119953096239676,-0.2832942878565425,0.008291547772391607,0.1234113346172026,-0.004491459747984128,0.016241993197711933,-0.00977402555708247,0.22672637581946403,1.0,0.061467716130788774,-0.04554235946812319,-0.06533682998732325,0.07445261076113374,,0.0565036094575934,0.1454096312054082,0.6985319706059302,0.4198426731047116,0.6035392599882282,0.023474148870351236,0.2424233218674703,0.019256389318350508,0.005805393686267018,0.010615785484289495,0.009003822535041473,0.010516666991630433,0.0507485008744896,0.023996043263480732,0.017007115247701106,0.02014053525517605,0.002181548128846477,0.04315207111813427,-0.002805672776923579,0.0022944138200931643,0.0014043095112840484,-0.0026681038730824425,-0.00039019850849880054,0.07557482940818726,-0.046592478134376974,0.09352600716560193,-0.05759986189981924,-0.05887526509472416,0.03935261575209829,,-0.10281083457069361,0.02227899950715989,0.7235164185840309,0.39629839462693495,0.5885146278855135,,0.010989866778024892,0.011753349378884595,-0.4198426731047116,-0.2634582932474423,0.08123143488240948,0.18494647839297743,0.03946497894577857,0.13054242258799023,,,,-0.0013680817484232842,-0.08144102799412067,0.14460644104742035,0.16153269327719966,0.10631726967818024,0.19038159670705954
intraday_return_20,-0.10718016538021342,0.05103396909864245,0.05282128518768767,-0.008802862514420256,-0.011172655392233328,-0.022755265401532235,-0.011927380438537525,-0.00036829854723637484,-0.01919145314623388,-0.14456303768893072,-0.02314558644425199,0.040844029216072816,-0.010610517245369357,-0.00305820198690721,-0.14739219176913662,0.0003930626881162142,0.061467716130788774,1.0,0.028732500313824644,-0.03159239907675973,-0.024532084448606845,,-0.024877860139009108,-0.0853296562144914,0.004816726369415994,0.0034411109419042753,0.0032493075297846843,-0.01831392865155165,-0.03927866040850316,0.029672199954105617,0.01108423484980244,-0.009796940601916873,-0.011172655392233331,0.014224148621481178,-0.022755265401532235,-0.011927380438537522,-0.01042828055291565,-0.007221697436676209,0.011654747321187242,-0.027504900255314945,0.011230151707017084,0.010616630540282121,0.010249136172019037,0.011298918017137137,0.0029924615620727634,0.09428140541606053,-0.07908198321389846,-0.12412113817947774,-0.9995814408730427,-0.9999669855591876,-0.13791611910213772,,-0.026186661814941784,-0.0034052584308371468,0.009896413548451263,-0.002556278373964683,0.004661371349122108,,-0.00012078229355936277,0.022809370581936994,-0.0034411109419042753,0.00544977676113029,0.24366693847408574,0.05333980831825573,-0.027350850329153895,0.02941140780357786,,,,-0.1148446373775799,-0.13397186862718216,0.02158744679345517,0.004204990220962987,-0.012232849695398673,-0.008098173702235032
kurtosis_60,0.10232868384991996,-0.15753117936288477,-0.17546198437398852,-0.012465997668422567,-0.012203192420574457,-0.028334551490335386,-0.02271852226521717,-0.02372764237330084,0.028345382295328618,-0.14502143955580968,-0.015314482182398337,0.07694569853633572,-0.005161332466176677,-0.015645951822572526,-0.010763433790243492,-0.061163149448969445,-0.04554235946812319,0.028732500313824644,1.0,-0.0030386544981507377,0.07126644796659105,,-0.035825419875783394,-0.11728602858544727,-0.15811513798603202,-0.00235123830643248,-0.09808622109627836,-0.01703813401519339,-0.049720478646936336,-0.060873364840513,-0.017184354382705935,0.02268368735115485,-0.012203192420574457,-0.01693968917396958,-0.028334551490335386,-0.02271852226521717,-0.015620404188427235,-0.016503490245038412,-0.001400159997750869,-0.03277948128940588,0.0026265653977946154,-0.0018107863916381698,-0.007607641267569004,0.0010305822799783597,-0.004792735689460092,-0.0941703149158975,0.03153087601857634,0.009664343752322406,-0.02903167785595249,-0.028930453592643356,-0.1637641891951456,,-0.06381732154012594,-0.023802282410842788,-0.12169282999119342,0.011661214581254388,-0.04834790300742372,,-0.005827418913209977,-0.1049593636567566,0.00235123830643248,-0.010280266281045947,-0.1177181230289821,-0.16388903652393527,-0.025616766658324464,0.1919058302235339,,,,-0.11744778416621138,-0.11465348783264435,0.006699609570117175,0.03083778696113133,-0.009738336808972589,-0.006413954465305458
limit_down_count_20,-0.052690897640534244,0.1917693887759926,0.1449714365607466,-0.044741829248597646,-0.006669975582776585,0.003831637611190973,0.0033408474867203043,-0.0007672259010341222,-0.016778871593226292,0.36308165817886123,0.010872404973986949,-0.14819220337939873,-0.0007860738738175353,-0.016897723800137952,-0.0015549309099862363,-0.057213096846152965,-0.06533682998732325,-0.03159239907675973,-0.0030386544981507377,1.0,0.24654565058296932,,-0.0009149240102440146,0.24240072075266714,0.06437483645040898,-0.10306886446864129,0.05182405708052251,0.0030431323228200143,-0.03775086325517372,0.007931425054805194,-0.005533050804112138,-0.00917048579155253,-0.006669975582776583,0.0005605030931941428,0.0038316376111909717,0.003340847486720305,0.004889306890994693,0.002781426996246618,-0.0027329268990751343,0.004305727599726827,0.004681518052360089,-0.0028476959812838622,-0.0025192861571740072,-0.0030730457124001046,0.0015811028826566555,-0.005282961895749107,-0.012119488748869402,-0.11191097252824021,0.031069569994692275,0.03126066871390754,0.3277837551301544,,0.14138383787252914,0.0010371445792374874,0.034393587230332354,-0.13779725127532064,-0.02676378206352735,,0.004301307087789526,0.051648666211281516,0.10306886446864129,0.10482014925078971,0.04574033355061015,0.025328728947235726,0.0078036410810744805,-0.10492077017896623,,,,0.3881816130431169,0.33097738812613514,-0.15327325766861769,0.15826879944345554,-0.011185005899607305,0.10523287368110824
limit_up_count_20,-0.058470692393482286,0.2762387699029041,0.15712663952741754,0.013822456002594664,0.009164894709106893,0.007321717006491733,0.007041054977201201,0.0018476365823794198,0.01671792242980196,0.31299455684822514,0.003617926760233966,-0.1916524491323982,0.0001798997635448415,0.020368179237724198,-0.0003101286889975647,-0.09912966638037655,0.07445261076113374,-0.024532084448606845,0.07126644796659105,0.24654565058296932,1.0,,0.007771150423505432,0.6238905360730822,0.19597095708270887,0.3227781648492058,0.25786378016733863,0.006197689762543948,-0.07415405941556251,-0.03355534451056337,-0.007143176430788717,0.018519112543610772,0.009164894709106893,-0.004244103504514451,0.007321717006491733,0.0070410549772012025,0.005044576986912373,0.004715794834268718,0.0011318647710136037,0.0016626034175418868,0.002931467776353501,0.0014484782462987596,-0.007145092639256241,0.002186838509789626,0.0026867629945698766,-0.01937743316019411,-0.004826401303878834,-0.11486756803119397,0.027931687287167422,0.02707672976156279,0.5151985205754805,,0.16585261577875235,0.0031010645792961637,0.2724797476463132,0.17204325193065606,0.3033556214039961,,0.007068267928899684,0.003175691716269328,-0.3227781648492058,-0.03974829905377109,0.00323814641210127,-0.043315293078310106,0.007337187712979813,0.3010382366946925,,,,0.5975478334302322,0.43957853724215273,0.10329669089849454,0.38795102164083534,0.05299728453854119,0.2951297029411336
llm_confidence_20d,,,,,,,,,,,,,,,,,,,,,,1.0,,,,,,,,,,,,,,,,,,,,,,,,,,,,,,,,,,,,,,,,,,,,,,,,,,,,,
major_event_count_20d,-0.14482730571144242,0.1435256575882008,0.14299589698616144,0.021894928829416904,0.18148917509411922,0.5025624391146567,0.4129505926793747,0.23678759276869532,,0.03635843650313502,0.240449746175878,,-0.05917263944511466,0.5367341516844012,0.011637527091491693,,0.0565036094575934,-0.024877860139009108,-0.035825419875783394,-0.0009149240102440146,0.007771150423505432,,1.0,0.051199470976575685,0.05260018984105804,0.021635930430609046,0.03309852205281818,0.27243913464783703,,,0.12113733065225696,0.08562945549331562,0.18148917509411922,0.2179256824738387,0.5025624391146567,0.4129505926793747,0.3446207266169403,0.342656190926359,0.10461860186429396,0.40870352099447965,0.006037871156928372,0.10425515725156952,0.03456050617558823,0.07374815284366233,0.05796077339238326,,,,0.02524479256056847,0.025040686770626142,0.04594357244396161,,,0.299111748757921,0.04785994524633419,0.024415480708132365,0.03347419580009849,,0.3538470044912542,,-0.021635930430609046,-0.025249749846393138,,,0.2701136636102994,0.024183505938184496,,,,0.04803980844716894,0.05199648734416678,0.016773683846403927,0.012728759742369445,0.017622011040386604,0.022201574329991865
max_return_20,-0.17321810780460947,0.4626170611457147,0.3325701690815423,0.025191179983228878,0.022513730152142735,0.06305206060132976,0.03561134118644844,0.025004302308628944,-0.11140728954096084,0.5093120995742052,0.03858846212724049,-0.4122248932328804,-0.0017868726465874799,0.05200928166576386,0.009498315930991331,-0.06294186736046176,0.1454096312054082,-0.0853296562144914,-0.11728602858544727,0.24240072075266714,0.6238905360730822,,0.051199470976575685,1.0,0.3516839356994676,0.4517984272355539,0.3930689582033371,0.028630655900604717,-0.11459210578847094,0.0760540553165707,0.011735999926970225,0.027306917719578088,0.022513730152142735,0.01629602842870099,0.06305206060132974,0.03561134118644844,0.025304737741609278,0.02743907217920996,-0.0003875037188408043,0.04741305887652372,0.007588996016427373,0.00018469633240803204,-0.007226071092693378,-0.003960443782702991,0.011247856959870734,0.12482647642768673,-0.011851334815316344,-0.20709033901810525,0.08948828503013506,0.08832692630884437,0.8325455781765395,,0.39469579713095426,0.021188938335531527,0.43344015407460285,0.2745004405585543,0.4425252779149491,,0.01722830411391653,0.17566306821789468,-0.4517984272355539,-0.1054053154344901,0.15847051304890405,0.14922173914490972,0.04432634235957206,0.3081240466403688,,,,0.8946116736313612,0.6768541355966762,0.3493813652202176,0.47292855300575604,0.07131420577691375,0.3718835633541002
momentum_120,-0.2908659469624602,0.34768783851431095,0.31321398371877235,0.08746161626527281,0.02860468258059345,0.05137820455987916,0.031882172413762906,0.021808162971670413,-0.029147821343670065,0.06281437167081859,0.01580907965413588,-0.20314184824378742,0.0065891793797404315,0.009718915324489529,0.00021517244059390147,0.07486878037203656,0.6985319706059302,0.004816726369415994,-0.15811513798603202,0.06437483645040898,0.19597095708270887,,0.05260018984105804,0.3516839356994676,1.0,0.3559643380621882,0.6507288273209256,0.026776296375485408,0.08868871537304694,0.028365244129670873,0.018468452247299025,0.021686751232351992,0.028604682580593444,0.02032100784542736,0.05137820455987916,0.031882172413762906,0.024138914585888963,0.02915177295499059,-0.006952649783419882,0.05445725073514701,-0.004089901814185313,-0.006660898971262048,-0.0032069294277407012,-0.011590230132655407,0.0040825973461423816,0.13677721647644284,-0.019788981753786686,-0.05109013931272322,-0.0013360120526991748,-0.002463237894860991,0.3195848577867496,,0.18696926611657294,0.019767383070780426,0.8265310567312444,0.3064008864587596,0.5443532311577806,,0.019552184324319564,0.07306328229061967,-0.3559643380621882,-0.18070089740414275,0.11903419006605408,0.14386989989687088,0.051572950069336876,0.17197921940262217,,,,0.26402673766589907,0.26942779234165726,0.13035227258182847,0.095867616477694,0.0577949806784927,0.11321147483965853
momentum_20,-0.07450505923532828,0.13370119707008246,0.01887557196909952,0.3040454244338872,0.0164818153541474,0.03129218066901412,0.011599569876901495,0.010548003478504799,-0.013682516395620509,-0.17516393750222337,0.010064040773455659,-0.042568008998849764,-0.00911232841923253,0.0331300353219311,-0.004415167536874005,0.07339685385928016,0.4198426731047116,0.0034411109419042753,-0.00235123830643248,-0.10306886446864129,0.3227781648492058,,0.021635930430609046,0.4517984272355539,0.3559643380621882,1.0,0.5067536220077996,0.009594656011386577,0.05072798100018725,0.0016831224656581655,0.006948023296109718,0.026922183756202245,0.016481815354147403,0.005473593569010039,0.03129218066901412,0.011599569876901495,0.005713698256659326,0.005783391731339074,0.001846587833112038,0.01462272715066038,0.0064942902168540935,0.002044780164224423,-0.004258160790322521,0.0009764502930536146,0.0048671889780858854,0.047311602456815816,-0.01866862493464064,-0.007167865875527205,0.004109522208261526,0.0018958425241699956,0.1903994782805202,,0.03484684866683207,0.0055932810794275395,0.5956565508773295,0.798236941805364,0.7917033932621144,,0.001767018883810942,0.007917044127673226,-1.0,-0.44780643070037346,0.05313310931374711,0.07224955436659397,0.016382995327127826,0.14382194887323313,,,,0.1681856025801068,0.00226956294819843,0.45765833845205517,0.3786882402923742,0.29029202846143076,0.4587523525688688
momentum_60,-0.20807829281163773,0.283878907669748,0.18692704015123976,0.10283843855216489,0.005603577225369257,0.03707236991729986,0.017118559186474647,0.00929907092975015,-0.010918668429701572,-0.0978576910810921,0.021493055202228894,-0.142570335249907,0.005197963837175921,0.0004879559350873137,-0.003180373109348619,0.062420702047030284,0.6035392599882282,0.0032493075297846843,-0.09808622109627836,0.05182405708052251,0.25786378016733863,,0.03309852205281818,0.3930689582033371,0.6507288273209256,0.5067536220077996,1.0,0.01360623774913889,0.0697873851032445,0.009080936662873778,0.005570662107570838,0.01367184919917845,0.005603577225369259,0.009592903119267955,0.03707236991729986,0.01711855918647465,0.012002263642309705,0.012613166983704266,-0.0036627302808329397,0.031046651566577516,-0.0075957940581511405,-0.003462630949798333,-0.004383752598837601,-0.006142810061878878,0.0074077065623406645,0.08334954947084394,-0.021481462786537602,-0.0405289165437527,0.001231449638391421,-0.00013887395767469882,0.3181094277476793,,0.12625059850839587,0.008805479157416132,0.8841989481949222,0.41689096110416385,0.8089163784100344,,0.0111389793593486,0.034528535739808144,-0.5067536220077996,-0.2395363648719168,0.07741741611086496,0.10342689860703626,0.029407470155162263,0.2852486554445023,,,,0.26346537858222424,0.20674101322786695,0.1976361913616571,0.2603859248558871,0.07844314155476338,0.2365878112913419
negative_news_count_5d,-0.0671617712606803,0.06845164540485747,0.06834325391500838,0.006503188318624495,0.19936073220076853,0.24210715409918415,0.29274015160111105,0.11780645117769188,,0.02404905272875051,0.112718315124206,,-0.2919200228606265,0.13635200098121683,0.0015412120767939463,,0.023474148870351236,-0.01831392865155165,-0.01703813401519339,0.0030431323228200143,0.006197689762543948,,0.27243913464783703,0.028630655900604717,0.026776296375485408,0.009594656011386577,0.01360623774913889,1.0,,,0.135618899116877,0.07821204407386143,0.19936073220076853,0.1781749994999112,0.24210715409918415,0.29274015160111105,0.27310581743069856,0.26515072904267667,-0.271115595075758,0.619029731950715,-0.2717776318199608,-0.2716250322022256,-0.5810451548449703,-0.3124929588963186,0.04064376680684693,,,,0.018519844101402075,0.018422841874593587,0.027147564309163087,,,0.1876920741510657,0.021603867747862406,0.010401398890953444,0.01284617404101888,,0.2932077268129441,,-0.009594656011386577,-0.007881557712221127,,,0.42897749017526965,0.004669410746463299,,,,0.026335857929941548,0.028602203013995256,0.01153181708701062,0.008769418340296719,0.01647912738566078,0.01960083170752582
net_margin,-0.23945152482840965,0.1386496313784929,0.13382293710604468,0.08517344389699005,0.0028065177733880542,0.022934515469779537,0.0041334510356881545,,-0.09586816742539847,-0.2095056253127696,0.015795772519298822,0.358026669740999,,,0.06477105432451909,0.5829240004818746,0.2424233218674703,-0.03927866040850316,-0.049720478646936336,-0.03775086325517372,-0.07415405941556251,,,-0.11459210578847094,0.08868871537304694,0.05072798100018725,0.0697873851032445,,1.0,0.14875870181997133,-0.023506086327128355,-0.02617701606669134,0.0028065177733880586,-0.03475769498007782,0.022934515469779527,0.004133451035688156,-0.017431199036756155,-0.017189771328206687,,,,,,,-0.004335574122127383,0.0839940816880273,-0.3116107874435128,-0.005279028338735255,0.03990206421000593,0.039212902739768275,-0.14543922124320777,,-0.2930228437616257,,0.08912090573897545,0.06739393402004461,0.08273764801467548,,,0.04990082379439267,-0.05072798100018725,-0.07012148145767334,0.3655869975742437,0.5944099748772763,,-0.002414724309343794,,,,-0.15852897784638537,-0.17626617458851032,-0.02498109943845833,0.00686294296755677,0.06076182887261471,0.0583387314415928
net_profit_growth,-0.1887398178355237,0.2085967631962071,0.21732082682533693,-0.01263457024893794,-0.050305318328510006,-8.887626328531118e-05,-0.039358786030111795,,-0.16430978216334532,0.11210000419207208,-0.0030399072891931817,0.05488920607864231,,,0.05460909696291658,0.22202196187142317,0.019256389318350508,0.029672199954105617,-0.060873364840513,0.007931425054805194,-0.03355534451056337,,,0.0760540553165707,0.028365244129670873,0.0016831224656581655,0.009080936662873778,,0.14875870181997133,1.0,-0.06263733934721673,-0.008063676206172203,-0.050305318328510006,-0.06411185842274536,-8.887626328530589e-05,-0.039358786030111795,-0.035775998585418675,-0.039889744282203654,,,,,,,-0.041422908148961254,0.20943255062990432,-0.01492937723536961,0.08105907493964097,-0.018589436628690028,-0.02982803623616639,0.09130577278296449,,0.003986216703031482,,0.02724781112619063,0.002353757655294375,0.020558810781649454,,,0.5809993797745762,-0.0016831224656581655,0.004749244984285062,0.2553260562677399,0.27274663308334446,,-0.052506833603687776,,,,0.09479257348106145,0.11567392262246483,-0.03607996141349687,-0.01300674706834389,-0.01196590133323526,-0.010534522587250354
news_attention_1d,-0.04334750708244026,0.04201209397281792,0.04402839547090218,0.09835947545574138,0.5055771489912497,0.24438270615878863,0.49383024301770445,0.10606379192015154,0.09890925842986517,0.005292897520607212,0.08159170360856942,0.06503487180554936,-0.01722804228148862,0.19926689222823665,0.010292631431874998,-0.029093690585894973,0.005805393686267018,0.01108423484980244,-0.017184354382705935,-0.005533050804112138,-0.007143176430788717,,0.12113733065225696,0.011735999926970225,0.018468452247299025,0.006948023296109718,0.005570662107570838,0.135618899116877,-0.023506086327128355,-0.06263733934721673,1.0,0.26523306327802165,0.5055771489912497,0.994192110934927,0.24438270615878863,0.49383024301770445,0.48336040571976785,0.4667526966957439,0.01741927718436076,0.11783675748154972,0.01796407729259394,0.018256561604349016,0.008479978944695432,0.003874702838595475,0.29311877372221584,-0.08380816352827158,-0.06697755222757398,-0.023930810418979036,-0.011790738720973774,-0.01122040429694149,0.0061384505210605724,,-0.07803005659710474,0.14918446599224466,0.007074816751687387,0.01971498092784345,0.0021746317023426547,,0.04770369071097411,-0.013773932236767771,-0.00694802329610972,-0.0243821847938582,-0.011166534048246092,-0.01735187235176174,0.07420063427178947,0.002552869754037739,,,,0.007174602667285624,0.007791424367552069,0.011728746890035066,-0.009922487952800516,0.01798357612289013,0.0069732386341022565
news_attention_20d,0.008203755323411735,-0.0018597164617448019,-0.009632518055394335,0.04887663422953461,0.5413031671938319,0.5801785385606094,0.43347210855601914,0.06609913051689999,0.04025044514617774,-0.0036237540806655292,0.09852417424525257,0.014295181690203803,-0.004011313153612785,0.2588083013361929,0.007395378012013491,-0.03192238548760866,0.010615785484289495,-0.009796940601916873,0.02268368735115485,-0.00917048579155253,0.018519112543610772,,0.08562945549331562,0.027306917719578088,0.021686751232351992,0.026922183756202245,0.01367184919917845,0.07821204407386143,-0.02617701606669134,-0.008063676206172203,0.26523306327802165,1.0,0.5413031671938319,0.25017956089524457,0.5801785385606094,0.43347210855601914,0.45953931933441555,0.43156258162670974,-0.022499854756307322,0.10233665392880072,0.004797102724139624,-0.02467077051934241,-0.02528318552078492,-0.034436909912355214,0.3230700558729914,-0.12231430531321971,-0.009345357198844401,-0.0953686874765844,0.009277491320682963,0.009849259402653271,0.014714327706400776,,-0.02844622820733004,0.05885231567485882,0.03161186211071192,0.025207594057765886,0.025669574810775916,,0.05725955486086856,0.009508996182593243,-0.026922183756202242,-0.0157528744618171,-0.08643402977680364,-0.08911064155766524,0.08356226116728781,0.01017323463355037,,,,0.021273123967291693,0.008814783761958373,-0.0007681611767334945,0.02220310696116407,0.056066527951489926,0.05241939054382495
news_attention_5d,-0.04027586992618106,0.04290244976949259,0.04103546429367786,0.09724820120512741,1.0,0.42514920405409606,0.9248107648675788,0.10569816959288318,0.07350879369993805,0.021957394678873376,0.11817570874864214,0.058443664597637064,-0.010217508451067774,0.4634266888712524,0.017390300996239307,-0.059608561233385565,0.009003822535041473,-0.011172655392233331,-0.012203192420574457,-0.006669975582776583,0.009164894709106893,,0.18148917509411922,0.022513730152142735,0.028604682580593444,0.016481815354147403,0.005603577225369259,0.19936073220076853,0.0028065177733880586,-0.050305318328510006,0.5055771489912497,0.5413031671938319,1.0,0.49491472079941223,0.4251492040540961,0.9248107648675786,0.9197183580733005,0.9006590879776623,-0.01770858901345319,0.17141184408166224,0.012380272916211315,-0.019303086079388212,-0.009147845001335964,-0.0358591432708423,0.6329106823243867,-0.14956737003884718,-0.11304511492648102,-0.10991867675275462,0.010203175870246904,0.011225096367950582,0.023923380328698358,,-0.07035784348180621,0.19136940423600235,0.016842988975318843,0.0184444323990297,0.009240935847980188,,0.07841390366461598,-0.04962819797541052,-0.0164818153541474,-0.026403550771793922,-0.029127391151480417,-0.07964580814925758,0.13858981863670294,0.006518073668133687,,,,0.025961119677800296,0.025736127122155218,-0.0027760547476167554,-0.012109876581954759,0.07047912533515249,0.04658496557456793
news_count_1d,-0.06265286501687155,0.06049374142951606,0.062439953697421634,0.06983735692369673,0.49491472079941223,0.3849043067814608,0.560175710638425,0.15194650569356807,0.05773910299367793,0.008822670966751206,0.21859844024151845,0.027559867087426238,-0.032895069772338165,0.20625464910190638,0.0048241119284553255,-0.020315620452897615,0.010516666991630433,0.014224148621481178,-0.01693968917396958,0.0005605030931941428,-0.004244103504514451,,0.2179256824738387,0.01629602842870099,0.02032100784542736,0.005473593569010039,0.009592903119267955,0.1781749994999112,-0.03475769498007782,-0.06411185842274536,0.994192110934927,0.25017956089524457,0.49491472079941223,1.0,0.3849043067814608,0.560175710638425,0.5533544535540859,0.5457679244404782,0.030656600073542078,0.19102745324807083,0.016912487054632,0.030568434600511053,0.014706141715218024,0.01168319605606107,0.33609966119261764,0.006378062467395265,0.005574095874143173,0.0358599208289941,-0.013954244173181286,-0.014207262484993738,0.009327561303165623,,-0.031909450176922566,0.19635233087051499,0.012012574790027555,0.013773219909106361,0.009183268644921104,,0.08376992657575068,0.002161947315043371,-0.005473593569010039,-0.01818268601614421,0.012132366395078814,-0.00470805090322027,0.13045272026831534,0.010437446003127751,,,,0.012078289768750458,0.01267223969860399,0.009361791473431592,-0.003790240912330621,0.020576258273311557,0.01384369006080915
news_count_20d,-0.13686157796773765,0.13912646410762425,0.1356037310400429,0.044032555627445326,0.4251492040540961,1.0,0.7023103580961031,0.24203685433444908,-0.04579076973700729,0.03356893244623835,0.5251251670050329,-0.02798138312591761,-0.06801712234674644,0.326057302582264,0.010626471462209247,0.04904192059204357,0.0507485008744896,-0.022755265401532235,-0.028334551490335386,0.0038316376111909717,0.007321717006491733,,0.5025624391146567,0.06305206060132974,0.05137820455987916,0.03129218066901412,0.03707236991729986,0.24210715409918415,0.022934515469779527,-8.887626328530589e-05,0.24438270615878863,0.5801785385606094,0.4251492040540961,0.3849043067814608,1.0,0.7023103580961031,0.6517592369624473,0.623319127301626,0.05147852742224105,0.3764687021804483,0.010257021611723734,0.05088364586816332,0.009141055550806368,0.020837103769559082,0.3557868041802276,0.11163917998380807,0.06141293128125585,0.05637706155730294,0.02377116866009807,0.022956811147636414,0.05069113568215708,,0.032123379343996485,0.24710021726160694,0.05102583947451902,0.028537410213013082,0.04155003554269624,,0.17770164171774977,0.03750378624793897,-0.03129218066901412,-0.026468480708530917,0.05718031851631566,0.026695121548966243,0.3039473759153879,0.023345908392974606,,,,0.055844239149307105,0.04853739329034266,0.021750321513606303,0.021285649581646564,0.04882167166215869,0.052196450240354665
news_count_5d,-0.10606795240261069,0.10520523492795124,0.1063935183598112,0.06770613319697706,0.9248107648675786,0.7023103580961031,1.0,0.2076501958686674,0.010098288048977756,0.026747795005117748,0.39581015009180126,-0.0031125451564007075,-0.04097992807716953,0.5042227084513117,0.010808469206912507,-0.02178525413955592,0.023996043263480732,-0.011927380438537522,-0.02271852226521717,0.003340847486720305,0.0070410549772012025,,0.4129505926793747,0.03561134118644844,0.031882172413762906,0.011599569876901495,0.01711855918647465,0.29274015160111105,0.004133451035688156,-0.039358786030111795,0.49383024301770445,0.43347210855601914,0.9248107648675786,0.560175710638425,0.7023103580961031,1.0,0.9599415568542327,0.9384241942574518,0.016981851064350927,0.33826110479533383,0.012841395813215395,0.01651090679158132,0.006386892207667042,-0.012414363407920063,0.5907012184393529,0.04092772015890755,0.017501414361316827,0.024011635365898815,0.012369697080910458,0.01205388264057313,0.028097575324959226,,0.003632030281146964,0.29604000990622015,0.02287646242265,0.018057582837658157,0.016891713254850876,,0.15142482477274652,-0.010254955201030872,-0.011599569876901495,-0.02512286276840198,0.03071088363914914,-0.01859900298858884,0.27092419513837496,0.015657665244108946,,,,0.03441008617659281,0.034285150638479256,0.008396048194430189,-0.0015327277530747605,0.051912756215583576,0.03995187080103977
news_importance_5d,-0.09295661824749535,0.09143096019843344,0.09240961158046652,0.06991131791705396,0.9197183580733005,0.6517592369624473,0.9599415568542327,0.17560437574121804,0.02485675772066702,0.022918063812720064,0.3786430203438587,-0.001373811351811026,-0.03878199760937748,0.4862328329619087,0.008713300324272089,-0.03150562859298315,0.017007115247701106,-0.01042828055291565,-0.015620404188427235,0.004889306890994693,0.005044576986912373,,0.3446207266169403,0.025304737741609278,0.024138914585888963,0.005713698256659326,0.012002263642309705,0.27310581743069856,-0.017431199036756155,-0.035775998585418675,0.48336040571976785,0.45953931933441555,0.9197183580733005,0.5533544535540859,0.6517592369624473,0.9599415568542327,1.0,0.9584118745034522,-0.005871765537556965,0.3041575899121199,0.009966259733525799,-0.00639408004263168,-0.017442313218977167,-0.030912772015127,0.589725762770463,0.040924023464585665,0.020661569922311968,0.03611411952576724,0.01093339211475691,0.010618958241457086,0.021171906163262064,,0.0026369814167192737,0.25396394750508083,0.015393860331443972,0.011980916769298258,0.012379795084421977,,0.13115251047380394,-0.008235265008899637,-0.005713698256659325,-0.02038272824661933,0.0270716970064142,-0.021611781799909753,0.24375274242831688,0.007899883155825191,,,,0.02872373582182489,0.02675279583775973,0.004044317273036135,-0.0020466180026486903,0.04852839616696338,0.03650079050267788
news_novelty_5d,-0.09761405606825418,0.09637275063550126,0.0983189468216419,0.06516323688172541,0.9006590879776623,0.623319127301626,0.9384241942574518,0.1791797795259472,0.021137087456613256,0.023642781790100844,0.34192178524494804,0.004252099838178444,-0.03556310274238533,0.35451025280582255,0.005364854436384938,-0.021994871723998277,0.02014053525517605,-0.007221697436676209,-0.016503490245038412,0.002781426996246618,0.004715794834268718,,0.342656190926359,0.02743907217920996,0.02915177295499059,0.005783391731339074,0.012613166983704266,0.26515072904267667,-0.017189771328206687,-0.039889744282203654,0.4667526966957439,0.43156258162670974,0.9006590879776623,0.5457679244404782,0.623319127301626,0.9384241942574518,0.9584118745034522,1.0,0.0019871798260615507,0.3023934385523993,0.007854466224617253,0.0016636488246134895,-0.010331068718321968,-0.02407312135265831,0.6201657323609859,0.041514312680646974,0.03067970671861247,0.056493296390048894,0.0076644115843192105,0.007391267714386261,0.021388344044135487,,-0.0010302426869681519,0.2529848023140831,0.01740940385378896,0.010956337607216962,0.012003013887955433,,0.12880118507021682,-0.011815421640873042,-0.005783391731339075,-0.019184536785955632,0.01659700021950567,-0.024990512861658532,0.2505018074916224,0.01000599120433785,,,,0.028856195360301262,0.028002315061274943,0.00679382941084578,-0.005347332701527,0.04549133467763377,0.033136064154304645
news_positive_negative_ratio,-0.02360409955463558,0.021506562458395755,0.019471600843366233,0.007447441497213545,-0.01770858901345319,0.05147852742224105,0.016981851064350927,0.43443588072691613,,-0.0010978588108593093,0.028936521685078476,,-0.10467289569923206,0.022067992557079568,0.002987582592349694,,0.002181548128846477,0.011654747321187242,-0.001400159997750869,-0.0027329268990751343,0.0011318647710136037,,0.10461860186429396,-0.0003875037188408043,-0.006952649783419882,0.001846587833112038,-0.0036627302808329397,-0.271115595075758,,,0.01741927718436076,-0.022499854756307322,-0.01770858901345319,0.030656600073542078,0.05147852742224105,0.016981851064350927,-0.005871765537556965,0.0019871798260615507,1.0,-0.44983353077535404,0.18687326244390504,0.9996906054407321,0.5259763728808945,0.9590310245659813,-0.007621303773561906,,,,-0.010305831471402857,-0.011480739563502458,0.0016713453383847565,,,0.374190007891867,-0.005121676186101141,0.004720790778693906,-0.0007098869196026069,,-0.21158312127520545,,-0.001846587833112038,-0.008901248816156261,,,-0.22569370626124974,0.002889985989989711,,,,0.0006830492815118391,-0.00027790492417056255,0.009591813684057683,0.0032105585057884372,0.003447303724395353,0.002750288339054958
news_risk_20d,-0.10738609009812201,0.10851636926620199,0.1088505988999831,0.0018648161554582706,0.17141184408166224,0.3764687021804483,0.33826110479533383,0.16229551067369305,,0.036348010834679416,0.15109354243877296,,-0.012285812169125207,0.06410001129538968,0.0013095680021993912,,0.04315207111813427,-0.027504900255314945,-0.03277948128940588,0.004305727599726827,0.0016626034175418868,,0.40870352099447965,0.04741305887652372,0.05445725073514701,0.01462272715066038,0.031046651566577516,0.619029731950715,,,0.11783675748154972,0.10233665392880072,0.17141184408166224,0.19102745324807083,0.3764687021804483,0.33826110479533383,0.3041575899121199,0.3023934385523993,-0.44983353077535404,1.0,-0.12011283949052326,-0.44998979444982656,-0.27626413963830815,-0.5065945275536726,0.03813389952976686,,,,0.02772905686168749,0.027574027616095,0.04119893335957759,,,0.22986405481635064,0.04348721997498184,0.012639377538322956,0.026801538315112117,,0.4633741118199028,,-0.014622727150660382,-0.012247937545079567,,,0.6622285773564022,0.009974165626330482,,,,0.042147565201054976,0.04767963758784441,0.006226950737291828,0.006752107162787659,0.004966963240606875,0.01287375955640918
news_sentiment_1d,-0.010132603191312444,0.012162683120232493,0.011573865643266502,0.005699528909700178,0.012380272916211315,0.010257021611723734,0.012841395813215395,0.06836781154228293,,0.004435357964792372,-0.024782296005797,,0.18272120976635542,-0.007034353516504716,-0.00021754765754696955,,-0.002805672776923579,0.011230151707017084,0.0026265653977946154,0.004681518052360089,0.002931467776353501,,0.006037871156928372,0.007588996016427373,-0.004089901814185313,0.0064942902168540935,-0.0075957940581511405,-0.2717776318199608,,,0.01796407729259394,0.004797102724139624,0.012380272916211315,0.016912487054632,0.010257021611723734,0.012841395813215395,0.009966259733525799,0.007854466224617253,0.18687326244390504,-0.12011283949052326,1.0,0.18715368992137413,0.4208202330574265,0.19057517857395337,0.009182463677403368,,,,-0.011003617151901221,-0.0110957700160701,0.0018620626234817452,,,0.2733390016040768,-0.003280199985352239,0.003414536363500009,-0.0005934782329304178,,-0.04459295360797647,,-0.0064942902168540935,-0.004363332214193284,,,-0.05577392901074938,0.007203328623457686,,,,0.00791783755063351,0.003990574194453107,0.005551450895898955,0.0040794183067220735,-0.006236328545820461,-0.0021310408204339637
news_sentiment_20d,-0.023501715714753096,0.02148159170766409,0.019376849522483156,0.007793874117366033,-0.019303086079388212,0.05088364586816332,0.01651090679158132,0.4328447984319291,,-0.0012593301266318243,0.029017038498362218,,-0.10438648893240982,0.006220741282732351,0.003894347492442674,,0.0022944138200931643,0.010616630540282121,-0.0018107863916381698,-0.0028476959812838622,0.0014484782462987596,,0.10425515725156952,0.00018469633240803204,-0.006660898971262048,0.002044780164224423,-0.003462630949798333,-0.2716250322022256,,,0.018256561604349016,-0.02467077051934241,-0.019303086079388212,0.030568434600511053,0.05088364586816332,0.01651090679158132,-0.00639408004263168,0.0016636488246134895,0.9996906054407321,-0.44998979444982656,0.18715368992137413,1.0,0.5259975331074392,0.9593646378111997,-0.0076075841589670285,,,,-0.009256702726745817,-0.010433167900987297,0.002024982545655045,,,0.3736329571568138,-0.004960171987140123,0.004275619987145284,-0.0009283027925080333,,-0.210581529776597,,-0.002044780164224423,-0.008144960154676478,,,-0.22518644027859547,0.0028660907738096053,,,,0.0012489250726975536,-9.899349171815844e-05,0.009520827903976075,0.003780240403143144,0.003608901860646732,0.0034727027022525675
news_sentiment_5d,-0.013043745759265958,0.00964703641555917,0.01046966782531907,0.0017231803679112895,-0.009147845001335964,0.009141055550806368,0.006386892207667042,0.2381452235719904,,-0.0031251741360267724,0.008011432259256135,,0.4455990569176597,0.04930255971771413,0.0017640534487885487,,0.0014043095112840484,0.010249136172019037,-0.007607641267569004,-0.0025192861571740072,-0.007145092639256241,,0.03456050617558823,-0.007226071092693378,-0.0032069294277407012,-0.004258160790322521,-0.004383752598837601,-0.5810451548449703,,,0.008479978944695432,-0.02528318552078492,-0.009147845001335964,0.014706141715218024,0.009141055550806368,0.006386892207667042,-0.017442313218977167,-0.010331068718321968,0.5259763728808945,-0.27626413963830815,0.4208202330574265,0.5259975331074392,1.0,0.5220941501427744,0.003940696624557584,,,,-0.010279742102679732,-0.010353696453630325,-0.005387502849633567,,,0.6438164369236646,-0.005320355530841858,-0.004272436890482466,-0.006293865591678373,,-0.14290564269973188,,0.004258160790322521,-0.0015413090546038816,,,-0.1560996864133099,0.002275461176365508,,,,-0.004423138900322647,-0.003003164505414865,-0.007096453290866598,-0.006535956951039693,-0.006432951651879386,-0.00763373496958836
news_sentiment_weighted,-0.013691951631359176,0.011736705595410088,0.009211338470836694,0.007034149335816787,-0.0358591432708423,0.020837103769559082,-0.012414363407920063,0.40448050670751884,,-0.0037488831503470813,0.016353048399079643,,-0.09187233327025661,0.0027146785178110678,0.0045076942295189226,,-0.0026681038730824425,0.011298918017137137,0.0010305822799783597,-0.0030730457124001046,0.002186838509789626,,0.07374815284366233,-0.003960443782702991,-0.011590230132655407,0.0009764502930536146,-0.006142810061878878,-0.3124929588963186,,,0.003874702838595475,-0.034436909912355214,-0.0358591432708423,0.01168319605606107,0.020837103769559082,-0.012414363407920063,-0.030912772015127,-0.02407312135265831,0.9590310245659813,-0.5065945275536726,0.19057517857395337,0.9593646378111997,0.5220941501427744,1.0,-0.005498143750021935,,,,-0.010022137942929605,-0.011151032034048802,-0.0012245674943417142,,,0.3278744702137954,-0.00871770754142407,0.0020403744361930506,-0.0028333187555485066,,-0.23192035410821146,,-0.0009764502930536151,-0.006518097162812343,,,-0.25866429005377145,0.001902009000037108,,,,-0.0019229905525900177,-0.004310040235371965,0.008974393107206316,0.005272705265868437,0.0030228998168881495,0.0038367003594483363
novel_news_count_5d,-0.008491004482821944,0.009869615261642846,0.01238913784045218,0.061864415543099155,0.6329106823243867,0.3557868041802276,0.5907012184393529,0.03120060551431526,0.014478414677860096,0.009987945820071138,0.2401136311776716,0.0003134354922390677,0.022019605416997826,0.20305077005007297,0.0035609575979310844,-0.017035949766163103,-0.00039019850849880054,0.0029924615620727634,-0.004792735689460092,0.0015811028826566555,0.0026867629945698766,,0.05796077339238326,0.011247856959870734,0.0040825973461423816,0.0048671889780858854,0.0074077065623406645,0.04064376680684693,-0.004335574122127383,-0.041422908148961254,0.29311877372221584,0.3230700558729914,0.6329106823243867,0.33609966119261764,0.3557868041802276,0.5907012184393529,0.589725762770463,0.6201657323609859,-0.007621303773561906,0.03813389952976686,0.009182463677403368,-0.0076075841589670285,0.003940696624557584,-0.005498143750021935,1.0,0.04542087085370948,0.030878753883351623,0.04364218323326173,-0.0028128333740496656,-0.002951381344806102,0.007609071939782719,,0.0034921346847157477,0.045150391412537794,0.006863317770858392,0.011350701966196634,0.006840582235226464,,0.00792826251185876,-0.014504240101969216,-0.004867188978085886,-0.013345515182736195,0.02011341577784332,-0.02107308884483711,0.04136270103947341,1.1927545261019903e-05,,,,0.01046326624780781,0.011439311621581691,-0.002500950999041992,-0.013315557802027601,0.042725124417048795,0.02300980822519438
ocf_to_assets,-0.12572120525981317,0.17102812625027883,0.17169097811929396,-0.0032188704377503208,-0.14956737003884718,0.11163917998380807,0.04092772015890755,,-0.305203639090337,0.1294806080815575,0.11754508042155498,-0.19551361681862084,,,0.012588932964024278,0.3754334806432251,0.07557482940818726,0.09428140541606053,-0.0941703149158975,-0.005282961895749107,-0.01937743316019411,,,0.12482647642768673,0.13677721647644284,0.047311602456815816,0.08334954947084394,,0.0839940816880273,0.20943255062990432,-0.08380816352827158,-0.12231430531321971,-0.14956737003884718,0.006378062467395265,0.11163917998380807,0.04092772015890755,0.040924023464585665,0.041514312680646974,,,,,,,0.04542087085370948,1.0,0.3896413374183119,0.33797831154277214,-0.08624545349002875,-0.09381370146502309,0.13962886185365803,,0.18116931650362894,,0.10979292570644454,0.060231567249046894,0.07562467922750478,,,0.1723609107202801,-0.047311602456815816,-0.04398455960331637,0.48364329643942783,0.29606439550082086,,-0.05847414840152204,,,,0.13187037250793343,0.14201471953709793,-0.059527054234508055,0.004336641799849593,0.024607905641064333,0.023939548541652294
ocf_to_net_profit,0.1502401593708948,-0.12553547183886518,-0.12369512030038889,-0.0015765967648842286,-0.11304511492648102,0.06141293128125585,0.017501414361316827,,0.12862726981572245,-0.005431036494291848,0.07366960782999762,-0.22307428826003073,,,-0.03504106324839115,-0.1291871280817952,-0.046592478134376974,-0.07908198321389846,0.03153087601857634,-0.012119488748869402,-0.004826401303878834,,,-0.011851334815316344,-0.019788981753786686,-0.01866862493464064,-0.021481462786537602,,-0.3116107874435128,-0.01492937723536961,-0.06697755222757398,-0.009345357198844401,-0.11304511492648102,0.005574095874143173,0.06141293128125585,0.017501414361316827,0.020661569922311968,0.03067970671861247,,,,,,,0.030878753883351623,0.3896413374183119,1.0,0.5973371109297776,0.07511938604724755,0.07884659956306617,-0.022229553067786748,,0.27925030811198304,,-0.009639807703098774,-0.009003040336680713,-0.018050285679232458,,,-0.056625149484875556,0.01866862493464064,0.02625395990841894,-0.36010094392259756,-0.43166542466375263,,-0.00997348874387622,,,,-0.011255192292326058,-0.014050163890589063,-0.017485694137296424,-0.011469233823522119,-0.007461853847511372,-0.023191639455680205
operating_cash_flow,-0.27845744089090746,0.15918023149193966,0.16761666211108192,0.04862045407551251,-0.10991867675275462,0.05637706155730294,0.024011635365898815,,0.04427186960287064,-0.29071890663404865,0.06472615050594226,0.2459066962086834,,,0.09410955897185713,0.20369823609464394,0.09352600716560193,-0.12412113817947774,0.009664343752322406,-0.11191097252824021,-0.11486756803119397,,,-0.20709033901810525,-0.05109013931272322,-0.007167865875527205,-0.0405289165437527,,-0.005279028338735255,0.08105907493964097,-0.023930810418979036,-0.0953686874765844,-0.10991867675275462,0.0358599208289941,0.05637706155730294,0.024011635365898815,0.03611411952576724,0.056493296390048894,,,,,,,0.04364218323326173,0.33797831154277214,0.5973371109297776,1.0,0.12177591269314093,0.12367764057686219,-0.30463596673229754,,-0.2336404160107159,,-0.03109888602669074,0.003896281446755554,-0.015479237546573396,,,-0.09522235229534042,0.007167865875527205,0.007504870893832051,-0.18406401314722873,-0.055105026005925685,,0.014520977252890232,,,,-0.25936178464138526,-0.2855597173040304,-0.00465927146849866,-0.0011754043074942312,0.009794168005495122,-0.0006256940560192098
overnight_intraday_ratio_20,0.10573644429444234,-0.04883415433835938,-0.05160347501391802,0.01122070426149078,0.010203175870246904,0.02377116866009807,0.012369697080910458,0.0029377847504513488,0.013010713222515248,0.1436401098699079,0.02331547943388539,-0.03888400221645867,0.009289921553718794,0.002883901260173799,0.14796171036610847,0.013285537140344559,-0.05759986189981924,-0.9995814408730427,-0.02903167785595249,0.031069569994692275,0.027931687287167422,,0.02524479256056847,0.08948828503013506,-0.0013360120526991748,0.004109522208261526,0.001231449638391421,0.018519844101402075,0.03990206421000593,-0.018589436628690028,-0.011790738720973774,0.009277491320682963,0.010203175870246904,-0.013954244173181286,0.02377116866009807,0.012369697080910458,0.01093339211475691,0.0076644115843192105,-0.010305831471402857,0.02772905686168749,-0.011003617151901221,-0.009256702726745817,-0.010279742102679732,-0.010022137942929605,-0.0028128333740496656,-0.08624545349002875,0.07511938604724755,0.12177591269314093,1.0,0.9996302419802019,0.14016224741565053,,0.023946947204375298,0.003606583755124071,-0.004873279750669673,0.00869976582492924,0.0015892089651261786,,0.00016497106615084793,-0.015721985185641735,-0.004109522208261526,-0.008944458535235617,-0.23467697100890805,-0.03241836423293895,0.027586783483871644,-0.02789991676855939,,,,0.11692038763655994,0.13479366536805917,-0.01848343675649739,-0.0008842672362752088,0.014580165045431448,0.011929749136177047
overnight_return_20,0.10656390487843319,-0.04981754569483517,-0.052291767111798206,0.010448113658857774,0.011225096367950582,0.022956811147636414,0.01205388264057313,0.0005042281278177794,0.01917686455670087,0.14403922084164825,0.023206407072133672,-0.041268843830320055,0.010478166198485274,0.0036711834873681634,0.1474494080959304,-0.0005223606679491048,-0.05887526509472416,-0.9999669855591876,-0.028930453592643356,0.03126066871390754,0.02707672976156279,,0.025040686770626142,0.08832692630884437,-0.002463237894860991,0.0018958425241699956,-0.00013887395767469882,0.018422841874593587,0.039212902739768275,-0.02982803623616639,-0.01122040429694149,0.009849259402653271,0.011225096367950582,-0.014207262484993738,0.022956811147636414,0.01205388264057313,0.010618958241457086,0.007391267714386261,-0.011480739563502458,0.027574027616095,-0.0110957700160701,-0.010433167900987297,-0.010353696453630325,-0.011151032034048802,-0.002951381344806102,-0.09381370146502309,0.07884659956306617,0.12367764057686219,0.9996302419802019,1.0,0.13959481708591867,,0.026520695988398357,0.003410432284847989,-0.006401133539429188,0.006892538731836547,-0.00026414546040187556,,7.237550826816921e-05,-0.02252618921359618,-0.0018958425241699956,-0.007918248234587024,-0.24340015962116365,-0.052378798771301936,0.027491737556199745,-0.028428940477749808,,,,0.11637961073679974,0.13461303285112877,-0.019427221901559873,-0.0019113802767324443,0.013867604974681064,0.010766472799856847
parkinson_vol_20,-0.15899606557321186,0.4631950999319421,0.355800869748367,-0.06615282043930952,0.023923380328698358,0.05069113568215708,0.028097575324959226,0.018404256021738466,-0.1394306692255041,0.688611909568829,0.043964689470408706,-0.5320696226234933,0.0015448685994268454,0.06552263601199641,0.018796210407145807,-0.08132219936944311,0.03935261575209829,-0.13791611910213772,-0.1637641891951456,0.3277837551301544,0.5151985205754805,,0.04594357244396161,0.8325455781765395,0.3195848577867496,0.1903994782805202,0.3181094277476793,0.027147564309163087,-0.14543922124320777,0.09130577278296449,0.0061384505210605724,0.014714327706400776,0.023923380328698358,0.009327561303165623,0.05069113568215708,0.028097575324959226,0.021171906163262064,0.021388344044135487,0.0016713453383847565,0.04119893335957759,0.0018620626234817452,0.002024982545655045,-0.005387502849633567,-0.0012245674943417142,0.007609071939782719,0.13962886185365803,-0.022229553067786748,-0.30463596673229754,0.14016224741565053,0.13959481708591867,1.0,,0.5099664465260567,0.02374941512716684,0.3316448192335551,0.04733831631703007,0.26647439519282434,,0.01970427039521698,0.22509139449298526,-0.1903994782805202,0.035312502452048054,0.1961797512406531,0.13407545324839942,0.038054273541900475,0.2184477774209733,,,,0.9065862069350962,0.8084382313948394,0.12411254658862236,0.3915765503439304,-0.013625683630752186,0.25942386393127204
pb,,,,,,,,,,,,,,,,,,,,,,,,,,,,,,,,,,,,,,,,,,,,,,,,,,,,1.0,,,,,,,,,,,,,,,,,,,,,,,
pe,0.10861196720703425,0.10568912776546929,0.10127212185329895,-0.04945148071018918,-0.07035784348180621,0.032123379343996485,0.003632030281146964,,-0.13573342406530536,0.4966269314646513,0.02589087890002742,-0.9377060176426839,,,-0.08252610925046383,-0.1799185737393785,-0.10281083457069361,-0.026186661814941784,-0.06381732154012594,0.14138383787252914,0.16585261577875235,,,0.39469579713095426,0.18696926611657294,0.03484684866683207,0.12625059850839587,,-0.2930228437616257,0.003986216703031482,-0.07803005659710474,-0.02844622820733004,-0.07035784348180621,-0.031909450176922566,0.032123379343996485,0.003632030281146964,0.0026369814167192737,-0.0010302426869681519,,,,,,,0.0034921346847157477,0.18116931650362894,0.27925030811198304,-0.2336404160107159,0.023946947204375298,0.026520695988398357,0.5099664465260567,,1.0,,0.1373994773921717,0.030507157626964394,0.09245650958499207,,,0.0975053327559332,-0.03484684866683207,-0.01623909119341373,-0.03194855147782387,-0.22245809220801077,,0.0015109516330209013,,,,0.4556722099075893,0.5013616636632778,-0.020811615137052587,0.016586503762003865,0.009535087296764595,0.017934427427289186
positive_news_count_5d,-0.0787045494752596,0.07670490624761034,0.07753298837133075,0.007676356176239351,0.19136940423600235,0.24710021726160694,0.29604000990622015,0.3932583978452036,,0.021393444233466036,0.12204884502532992,,0.2591813596855881,0.19735661417338757,0.003758898826333673,,0.02227899950715989,-0.0034052584308371468,-0.023802282410842788,0.0010371445792374874,0.0031010645792961637,,0.299111748757921,0.021188938335531527,0.019767383070780426,0.0055932810794275395,0.008805479157416132,0.1876920741510657,,,0.14918446599224466,0.05885231567485882,0.19136940423600235,0.19635233087051499,0.24710021726160694,0.29604000990622015,0.25396394750508083,0.2529848023140831,0.374190007891867,0.22986405481635064,0.2733390016040768,0.3736329571568138,0.6438164369236646,0.3278744702137954,0.045150391412537794,,,,0.003606583755124071,0.003410432284847989,0.02374941512716684,,,1.0,0.01352407273209099,0.005423998940294362,0.004897765599550043,,0.12470999033566765,,-0.005593281079427542,-0.01020026636879638,,,0.208144247328817,0.00934878668052041,,,,0.023822528411726173,0.026667126205376843,0.003742603969428,0.0034366470279190244,0.0077570892229045256,0.0109196179532463
price_vs_ma120,-0.24497766133756635,0.3179324689512016,0.22370463044952568,0.15845286556967905,0.016842988975318843,0.05102583947451902,0.02287646242265,0.01994024616707272,-0.00655134255529497,-0.07012220017652795,0.02135241730248651,-0.15513035030856964,0.0022532293493407016,0.03797134195378687,-0.004929424032734652,0.08599000701509724,0.7235164185840309,0.009896413548451263,-0.12169282999119342,0.034393587230332354,0.2724797476463132,,0.04785994524633419,0.43344015407460285,0.8265310567312444,0.5956565508773295,0.8841989481949222,0.021603867747862406,0.08912090573897545,0.02724781112619063,0.007074816751687387,0.03161186211071192,0.016842988975318843,0.012012574790027555,0.05102583947451902,0.02287646242265,0.015393860331443972,0.01740940385378896,-0.005121676186101141,0.04348721997498184,-0.003280199985352239,-0.004960171987140123,-0.005320355530841858,-0.00871770754142407,0.006863317770858392,0.10979292570644454,-0.009639807703098774,-0.03109888602669074,-0.004873279750669673,-0.006401133539429188,0.3316448192335551,,0.1373994773921717,0.01352407273209099,1.0,0.5153299421089466,0.8459408798678458,,0.016941406723407226,0.04575964892666093,-0.5956565508773295,-0.3117870612967271,0.08118087669924663,0.12049983685194887,0.0396791789170691,0.24502847125807056,,,,0.2736516560594002,0.2020005833072794,0.24178462462547534,0.26435012229015586,0.12283818611170087,0.2718361840058119
price_vs_ma20,-0.04175679451606309,0.047256253706110855,-0.012575902406707647,0.48833617333443385,0.0184444323990297,0.028537410213013082,0.018057582837658157,0.011451749406922548,-0.00713562438264398,-0.2217324030819513,0.008508709948422363,-0.03175001800872463,-0.008725673697178034,0.05376415461285757,0.003850708068537561,0.07899518256476773,0.39629839462693495,-0.002556278373964683,0.011661214581254388,-0.13779725127532064,0.17204325193065606,,0.024415480708132365,0.2745004405585543,0.3064008864587596,0.798236941805364,0.41689096110416385,0.010401398890953444,0.06739393402004461,0.002353757655294375,0.01971498092784345,0.025207594057765886,0.0184444323990297,0.013773219909106361,0.028537410213013082,0.018057582837658157,0.011980916769298258,0.010956337607216962,0.004720790778693906,0.012639377538322956,0.003414536363500009,0.004275619987145284,-0.004272436890482466,0.0020403744361930506,0.011350701966196634,0.060231567249046894,-0.009003040336680713,0.003896281446755554,0.00869976582492924,0.006892538731836547,0.04733831631703007,,0.030507157626964394,0.005423998940294362,0.5153299421089466,1.0,0.7004532628692943,,0.0013994431070272534,0.010748367277923367,-0.7982369418053641,-0.724606589996009,0.0596733077958353,0.06453831796169322,0.009241071921760956,0.09519455606455417,,,,0.03200471800791751,-0.07124939166572201,0.35302567159460113,0.20011752847618988,0.4326667173182858,0.4297451240840913
price_vs_ma60,-0.15534069837547163,0.2243357053629552,0.08041826144199243,0.24176655653453305,0.009240935847980188,0.04155003554269624,0.016891713254850876,0.018003605087479915,-0.007463118615195342,-0.19859893188155642,0.018817378395008837,-0.10641825922615063,-0.006565406900847374,0.03605003767838481,-0.00430256760251804,0.08576283190989992,0.5885146278855135,0.004661371349122108,-0.04834790300742372,-0.02676378206352735,0.3033556214039961,,0.03347419580009849,0.4425252779149491,0.5443532311577806,0.7917033932621144,0.8089163784100344,0.01284617404101888,0.08273764801467548,0.020558810781649454,0.0021746317023426547,0.025669574810775916,0.009240935847980188,0.009183268644921104,0.04155003554269624,0.016891713254850876,0.012379795084421977,0.012003013887955433,-0.0007098869196026069,0.026801538315112117,-0.0005934782329304178,-0.0009283027925080333,-0.006293865591678373,-0.0028333187555485066,0.006840582235226464,0.07562467922750478,-0.018050285679232458,-0.015479237546573396,0.0015892089651261786,-0.00026414546040187556,0.26647439519282434,,0.09245650958499207,0.004897765599550043,0.8459408798678458,0.7004532628692943,1.0,,0.0073116460507090175,0.033708772037189194,-0.7917033932621141,-0.4336393976036315,0.07400254681107142,0.09518802892973592,0.02711016699632045,0.22068578213342263,,,,0.21961799444088448,0.059550823197788684,0.3450906124840341,0.42823555586761136,0.20534067266936065,0.4408318174110108
ps,,,,,,,,,,,,,,,,,,,,,,,,,,,,,,,,,,,,,,,,,,,,,,,,,,,,,,,,,,1.0,,,,,,,,,,,,,,,,,
regulatory_event_count_20d,-0.040054703572517524,0.040250366123313286,0.03904193387294304,-0.0018886122937334193,0.07841390366461598,0.17770164171774977,0.15142482477274652,0.045314424144781776,,0.01413348598533143,0.06981493075200484,,-0.01692610632558965,0.14833756082140512,0.005282532597323505,,0.010989866778024892,-0.00012078229355936277,-0.005827418913209977,0.004301307087789526,0.007068267928899684,,0.3538470044912542,0.01722830411391653,0.019552184324319564,0.001767018883810942,0.0111389793593486,0.2932077268129441,,,0.04770369071097411,0.05725955486086856,0.07841390366461598,0.08376992657575068,0.17770164171774977,0.15142482477274652,0.13115251047380394,0.12880118507021682,-0.21158312127520545,0.4633741118199028,-0.04459295360797647,-0.210581529776597,-0.14290564269973188,-0.23192035410821146,0.00792826251185876,,,,0.00016497106615084793,7.237550826816921e-05,0.01970427039521698,,,0.12470999033566765,0.016941406723407226,0.0013994431070272534,0.0073116460507090175,,1.0,,-0.0017670188838109422,-0.006466170818779878,,,0.12461557617597106,0.008801137795055394,,,,0.018483265649456487,0.02000259542766677,-0.0026234434952777112,0.009961527089727957,0.0016346599368477802,0.00843346207033206
revenue_growth,-0.07439447372845417,0.1636300241499848,0.16965557234605635,0.0036663334234512293,-0.04962819797541052,0.03750378624793897,-0.010254955201030872,,-0.12588149979752603,0.22551474332791185,0.02496086199655127,-0.04608709283402593,,,-0.004135601466577463,0.13527718000622893,0.011753349378884595,0.022809370581936994,-0.1049593636567566,0.051648666211281516,0.003175691716269328,,,0.17566306821789468,0.07306328229061967,0.007917044127673226,0.034528535739808144,,0.04990082379439267,0.5809993797745762,-0.013773932236767771,0.009508996182593243,-0.04962819797541052,0.002161947315043371,0.03750378624793897,-0.010254955201030872,-0.008235265008899637,-0.011815421640873042,,,,,,,-0.014504240101969216,0.1723609107202801,-0.056625149484875556,-0.09522235229534042,-0.015721985185641735,-0.02252618921359618,0.22509139449298526,,0.0975053327559332,,0.04575964892666093,0.010748367277923367,0.033708772037189194,,,1.0,-0.007917044127673226,0.00549601291449321,0.2902558799002359,0.31187431717939634,,-0.05476624200657875,,,,0.20276990218070257,0.23205755936074765,-0.036426692709091386,0.010592088360676877,0.011514908272069002,0.01958409369569889
reversal_20,0.07450505923532828,-0.13370119707008246,-0.01887557196909952,-0.3040454244338872,-0.0164818153541474,-0.03129218066901412,-0.011599569876901495,-0.010548003478504799,0.013682516395620509,0.17516393750222337,-0.010064040773455659,0.042568008998849764,0.00911232841923253,-0.0331300353219311,0.004415167536874005,-0.07339685385928016,-0.4198426731047116,-0.0034411109419042753,0.00235123830643248,0.10306886446864129,-0.3227781648492058,,-0.021635930430609046,-0.4517984272355539,-0.3559643380621882,-1.0,-0.5067536220077996,-0.009594656011386577,-0.05072798100018725,-0.0016831224656581655,-0.00694802329610972,-0.026922183756202242,-0.0164818153541474,-0.005473593569010039,-0.03129218066901412,-0.011599569876901495,-0.005713698256659325,-0.005783391731339075,-0.001846587833112038,-0.014622727150660382,-0.0064942902168540935,-0.002044780164224423,0.004258160790322521,-0.0009764502930536151,-0.004867188978085886,-0.047311602456815816,0.01866862493464064,0.007167865875527205,-0.004109522208261526,-0.0018958425241699956,-0.1903994782805202,,-0.03484684866683207,-0.005593281079427542,-0.5956565508773295,-0.7982369418053641,-0.7917033932621141,,-0.0017670188838109422,-0.007917044127673226,1.0,0.44780643070037346,-0.05313310931374711,-0.07224955436659397,-0.016382995327127826,-0.14382194887323313,,,,-0.1681856025801068,-0.00226956294819843,-0.45765833845205517,-0.3786882402923742,-0.29029202846143076,-0.4587523525688688
reversal_5,0.027931971894098618,-0.0005610780841679546,0.015006820507035798,-0.445741433612795,-0.026403550771793922,-0.026468480708530917,-0.02512286276840198,-0.014416100908709387,0.007363568224674497,0.17649158909719573,-0.005005348298037708,0.022975855987182693,0.007159670508482815,-0.05478892149609119,-0.003976084582882206,-0.05566583252179037,-0.2634582932474423,0.00544977676113029,-0.010280266281045947,0.10482014925078971,-0.03974829905377109,,-0.025249749846393138,-0.1054053154344901,-0.18070089740414275,-0.44780643070037346,-0.2395363648719168,-0.007881557712221127,-0.07012148145767334,0.004749244984285062,-0.0243821847938582,-0.0157528744618171,-0.026403550771793922,-0.01818268601614421,-0.026468480708530917,-0.02512286276840198,-0.02038272824661933,-0.019184536785955632,-0.008901248816156261,-0.012247937545079567,-0.004363332214193284,-0.008144960154676478,-0.0015413090546038816,-0.006518097162812343,-0.013345515182736195,-0.04398455960331637,0.02625395990841894,0.007504870893832051,-0.008944458535235617,-0.007918248234587024,0.035312502452048054,,-0.01623909119341373,-0.01020026636879638,-0.3117870612967271,-0.724606589996009,-0.4336393976036315,,-0.006466170818779878,0.00549601291449321,0.44780643070037346,1.0,-0.05690983134003595,-0.058481058846921355,-0.00595369404282655,-0.03589039101168853,,,,0.03923836729485194,0.08555280804418867,-0.20635118540014083,-0.057756638622939414,-0.31936141010546265,-0.2532039971122035
roa,-0.14014797658372732,0.19002435687407931,0.18692296849907594,0.0047965491022603024,-0.029127391151480417,0.05718031851631566,0.03071088363914914,,-0.42952099792977416,0.17172049748862972,0.0571152543255116,0.09826861416473896,,,-0.007867184515966772,0.519612547281379,0.08123143488240948,0.24366693847408574,-0.1177181230289821,0.04574033355061015,0.00323814641210127,,,0.15847051304890405,0.11903419006605408,0.05313310931374711,0.07741741611086496,,0.3655869975742437,0.2553260562677399,-0.011166534048246092,-0.08643402977680364,-0.029127391151480417,0.012132366395078814,0.05718031851631566,0.03071088363914914,0.0270716970064142,0.01659700021950567,,,,,,,0.02011341577784332,0.48364329643942783,-0.36010094392259756,-0.18406401314722873,-0.23467697100890805,-0.24340015962116365,0.1961797512406531,,-0.03194855147782387,,0.08118087669924663,0.0596733077958353,0.07400254681107142,,,0.2902558799002359,-0.05313310931374711,-0.05690983134003595,1.0,0.6945129500816922,,-0.05727476959332245,,,,0.17106547156942717,0.18848764627167527,-0.051474589356114375,0.012171550138465048,0.02369629667062824,0.03714135999288118
roe,-0.29024078764481687,0.34009855120384597,0.33758969069030037,0.04572793373560336,-0.07964580814925758,0.026695121548966243,-0.01859900298858884,,-0.2575542858094067,0.08593263557832122,0.01764547452167599,0.30013641643417066,,,-0.017101441528074027,0.47331411713023697,0.18494647839297743,0.05333980831825573,-0.16388903652393527,0.025328728947235726,-0.043315293078310106,,,0.14922173914490972,0.14386989989687088,0.07224955436659397,0.10342689860703626,,0.5944099748772763,0.27274663308334446,-0.01735187235176174,-0.08911064155766524,-0.07964580814925758,-0.00470805090322027,0.026695121548966243,-0.01859900298858884,-0.021611781799909753,-0.024990512861658532,,,,,,,-0.02107308884483711,0.29606439550082086,-0.43166542466375263,-0.055105026005925685,-0.03241836423293895,-0.052378798771301936,0.13407545324839942,,-0.22245809220801077,,0.12049983685194887,0.06453831796169322,0.09518802892973592,,,0.31187431717939634,-0.07224955436659397,-0.058481058846921355,0.6945129500816922,1.0,,-0.03706416930424534,,,,0.12357117278209835,0.12057446890751713,-0.022387685735562234,0.017831750869225074,0.055455862092322485,0.0677313375081669
shareholder_change_count_20d,-0.0873125681362264,0.08875416598906509,0.0887198773603403,0.001606211740036512,0.13858981863670294,0.3039473759153879,0.27092419513837496,0.16897286557254745,,0.03419467614348486,0.12012151191952329,,-0.010751247542866417,0.0029314028171214834,0.010247309047019074,,0.03946497894577857,-0.027350850329153895,-0.025616766658324464,0.0078036410810744805,0.007337187712979813,,0.2701136636102994,0.04432634235957206,0.051572950069336876,0.016382995327127826,0.029407470155162263,0.42897749017526965,,,0.07420063427178947,0.08356226116728781,0.13858981863670294,0.13045272026831534,0.3039473759153879,0.27092419513837496,0.24375274242831688,0.2505018074916224,-0.22569370626124974,0.6622285773564022,-0.05577392901074938,-0.22518644027859547,-0.1560996864133099,-0.25866429005377145,0.04136270103947341,,,,0.027586783483871644,0.027491737556199745,0.038054273541900475,,,0.208144247328817,0.0396791789170691,0.009241071921760956,0.02711016699632045,,0.12461557617597106,,-0.016382995327127826,-0.00595369404282655,,,1.0,0.004432424429206838,,,,0.03855861407448702,0.041893852115921316,0.01198541340080672,0.011212107459951012,0.006098640154226353,0.017608082715713888
skewness_60,-0.09168659830750125,0.1647336191798132,0.14273613422331125,-0.033534213251860644,0.006518073668133687,0.023345908392974606,0.015657665244108946,0.011299709638006581,0.04821165222966356,-0.044124143180318404,0.006136178639707179,0.006906839631824456,-0.005136187777915924,-0.01358956587445013,-0.0017650322450381082,-0.002782254957099599,0.13054242258799023,0.02941140780357786,0.1919058302235339,-0.10492077017896623,0.3010382366946925,,0.024183505938184496,0.3081240466403688,0.17197921940262217,0.14382194887323313,0.2852486554445023,0.004669410746463299,-0.002414724309343794,-0.052506833603687776,0.002552869754037739,0.01017323463355037,0.006518073668133687,0.010437446003127751,0.023345908392974606,0.015657665244108946,0.007899883155825191,0.01000599120433785,0.002889985989989711,0.009974165626330482,0.007203328623457686,0.0028660907738096053,0.002275461176365508,0.001902009000037108,1.1927545261019903e-05,-0.05847414840152204,-0.00997348874387622,0.014520977252890232,-0.02789991676855939,-0.028428940477749808,0.2184477774209733,,0.0015109516330209013,0.00934878668052041,0.24502847125807056,0.09519455606455417,0.22068578213342263,,0.008801137795055394,-0.05476624200657875,-0.14382194887323313,-0.03589039101168853,-0.05727476959332245,-0.03706416930424534,0.004432424429206838,1.0,,,,0.20836734096723308,0.24448427789938734,0.2294118849489394,0.08974296058495185,-0.0268355253027852,0.026604485914542744
turnover_20,,,,,,,,,,,,,,,,,,,,,,,,,,,,,,,,,,,,,,,,,,,,,,,,,,,,,,,,,,,,,,,,,,,1.0,,,,,,,,
turnover_60,,,,,,,,,,,,,,,,,,,,,,,,,,,,,,,,,,,,,,,,,,,,,,,,,,,,,,,,,,,,,,,,,,,,1.0,,,,,,,
turnover_volatility_20,,,,,,,,,,,,,,,,,,,,,,,,,,,,,,,,,,,,,,,,,,,,,,,,,,,,,,,,,,,,,,,,,,,,,1.0,,,,,,
volatility_20,-0.1550049244358386,0.47787564939978394,0.37053243171756517,-0.06016897869328127,0.025961119677800296,0.055844239149307105,0.03441008617659281,0.021260811910648086,-0.12280170919668872,0.7094500406990748,0.044182704110215666,-0.4798895344834291,0.0013416645615166773,0.06344678581134083,0.01890298551910501,-0.11606404970417397,-0.0013680817484232842,-0.1148446373775799,-0.11744778416621138,0.3881816130431169,0.5975478334302322,,0.04803980844716894,0.8946116736313612,0.26402673766589907,0.1681856025801068,0.26346537858222424,0.026335857929941548,-0.15852897784638537,0.09479257348106145,0.007174602667285624,0.021273123967291693,0.025961119677800296,0.012078289768750458,0.055844239149307105,0.03441008617659281,0.02872373582182489,0.028856195360301262,0.0006830492815118391,0.042147565201054976,0.00791783755063351,0.0012489250726975536,-0.004423138900322647,-0.0019229905525900177,0.01046326624780781,0.13187037250793343,-0.011255192292326058,-0.25936178464138526,0.11692038763655994,0.11637961073679974,0.9065862069350962,,0.4556722099075893,0.023822528411726173,0.2736516560594002,0.03200471800791751,0.21961799444088448,,0.018483265649456487,0.20276990218070257,-0.1681856025801068,0.03923836729485194,0.17106547156942717,0.12357117278209835,0.03855861407448702,0.20836734096723308,,,,1.0,0.8103377715763843,0.09456018285058432,0.405505936217278,-0.0009205012691538622,0.2760876305350342
volatility_60,-0.19505170373935307,0.4616306505985787,0.4731227113795177,-0.09853173547683576,0.025736127122155218,0.04853739329034266,0.034285150638479256,0.02110796986877256,-0.1275002513619037,0.9132127607958681,0.04149285523007725,-0.5254205180608028,0.0074079167188203674,0.046266318376782724,0.02834390422959517,-0.14713384582229172,-0.08144102799412067,-0.13397186862718216,-0.11465348783264435,0.33097738812613514,0.43957853724215273,,0.05199648734416678,0.6768541355966762,0.26942779234165726,0.00226956294819843,0.20674101322786695,0.028602203013995256,-0.17626617458851032,0.11567392262246483,0.007791424367552069,0.008814783761958373,0.025736127122155218,0.01267223969860399,0.04853739329034266,0.034285150638479256,0.02675279583775973,0.028002315061274943,-0.00027790492417056255,0.04767963758784441,0.003990574194453107,-9.899349171815844e-05,-0.003003164505414865,-0.004310040235371965,0.011439311621581691,0.14201471953709793,-0.014050163890589063,-0.2855597173040304,0.13479366536805917,0.13461303285112877,0.8084382313948394,,0.5013616636632778,0.026667126205376843,0.2020005833072794,-0.07124939166572201,0.059550823197788684,,0.02000259542766677,0.23205755936074765,-0.00226956294819843,0.08555280804418867,0.18848764627167527,0.12057446890751713,0.041893852115921316,0.24448427789938734,,,,0.8103377715763843,1.0,0.01639695150376577,0.013725642865411641,-0.06697638262166272,-0.037103104069081315
volume_price_corr_20,-0.11005140986362875,0.1249166398375428,0.07233749832269849,0.0955575066533284,-0.0027760547476167554,0.021750321513606303,0.008396048194430189,0.016378630320216053,0.044881178309669194,-0.09572043995003622,-0.004762682121179856,0.02177616642199491,-0.01244357846698244,-0.018311720786794758,-0.0014587048833183977,-0.033450470337490774,0.14460644104742035,0.02158744679345517,0.006699609570117175,-0.15327325766861769,0.10329669089849454,,0.016773683846403927,0.3493813652202176,0.13035227258182847,0.45765833845205517,0.1976361913616571,0.01153181708701062,-0.02498109943845833,-0.03607996141349687,0.011728746890035066,-0.0007681611767334945,-0.0027760547476167554,0.009361791473431592,0.021750321513606303,0.008396048194430189,0.004044317273036135,0.00679382941084578,0.009591813684057683,0.006226950737291828,0.005551450895898955,0.009520827903976075,-0.007096453290866598,0.008974393107206316,-0.002500950999041992,-0.059527054234508055,-0.017485694137296424,-0.00465927146849866,-0.01848343675649739,-0.019427221901559873,0.12411254658862236,,-0.020811615137052587,0.003742603969428,0.24178462462547534,0.35302567159460113,0.3450906124840341,,-0.0026234434952777112,-0.036426692709091386,-0.45765833845205517,-0.20635118540014083,-0.051474589356114375,-0.022387685735562234,0.01198541340080672,0.2294118849489394,,,,0.09456018285058432,0.01639695150376577,1.0,0.1946976632764655,0.08384026607199369,0.19168288946946052
volume_ratio_20_60,-0.08703738746415109,0.23992718695321077,-0.03225004843866024,-0.007292777040927189,-0.012109876581954759,0.021285649581646564,-0.0015327277530747605,0.011499595175928587,-0.005709095054571888,-0.07800626417888015,0.024814934486832977,-0.014664051778321616,-0.015258517238262007,0.007591916398909459,-0.00746240323578884,0.018979267350713626,0.16153269327719966,0.004204990220962987,0.03083778696113133,0.15826879944345554,0.38795102164083534,,0.012728759742369445,0.47292855300575604,0.095867616477694,0.3786882402923742,0.2603859248558871,0.008769418340296719,0.00686294296755677,-0.01300674706834389,-0.009922487952800516,0.02220310696116407,-0.012109876581954759,-0.003790240912330621,0.021285649581646564,-0.0015327277530747605,-0.0020466180026486903,-0.005347332701527,0.0032105585057884372,0.006752107162787659,0.0040794183067220735,0.003780240403143144,-0.006535956951039693,0.005272705265868437,-0.013315557802027601,0.004336641799849593,-0.011469233823522119,-0.0011754043074942312,-0.0008842672362752088,-0.0019113802767324443,0.3915765503439304,,0.016586503762003865,0.0034366470279190244,0.26435012229015586,0.20011752847618988,0.42823555586761136,,0.009961527089727957,0.010592088360676877,-0.3786882402923742,-0.057756638622939414,0.012171550138465048,0.017831750869225074,0.011212107459951012,0.08974296058495185,,,,0.405505936217278,0.013725642865411641,0.1946976632764655,1.0,0.050261621262190664,0.705484854785297
volume_ratio_5_20,0.02272956928910715,-0.019126900279869446,-0.0308787186837292,0.7145148485063926,0.07047912533515249,0.04882167166215869,0.051912756215583576,0.012545205287262622,0.001440285192457002,-0.08966255794438281,0.022720827211451272,-0.008760468395398884,-0.014126800891349144,0.08218858685332471,0.005673544701823876,0.05261303645312231,0.10631726967818024,-0.012232849695398673,-0.009738336808972589,-0.011185005899607305,0.05299728453854119,,0.017622011040386604,0.07131420577691375,0.0577949806784927,0.29029202846143076,0.07844314155476338,0.01647912738566078,0.06076182887261471,-0.01196590133323526,0.01798357612289013,0.056066527951489926,0.07047912533515249,0.020576258273311557,0.04882167166215869,0.051912756215583576,0.04852839616696338,0.04549133467763377,0.003447303724395353,0.004966963240606875,-0.006236328545820461,0.003608901860646732,-0.006432951651879386,0.0030228998168881495,0.042725124417048795,0.024607905641064333,-0.007461853847511372,0.009794168005495122,0.014580165045431448,0.013867604974681064,-0.013625683630752186,,0.009535087296764595,0.0077570892229045256,0.12283818611170087,0.4326667173182858,0.20534067266936065,,0.0016346599368477802,0.011514908272069002,-0.29029202846143076,-0.31936141010546265,0.02369629667062824,0.055455862092322485,0.006098640154226353,-0.0268355253027852,,,,-0.0009205012691538622,-0.06697638262166272,0.08384026607199369,0.050261621262190664,1.0,0.6981173905439823
volume_trend_5_60,-0.06456869471808664,0.16645326288480203,-0.030553350902007965,0.4777545367055736,0.04658496557456793,0.052196450240354665,0.03995187080103977,0.014910458194847938,-0.014455711617340687,-0.11301196261910351,0.036373209601460045,-0.014618043934865788,-0.018073986909102488,0.057907070455814696,-0.002852287482855851,0.06393734133567616,0.19038159670705954,-0.008098173702235032,-0.006413954465305458,0.10523287368110824,0.2951297029411336,,0.022201574329991865,0.3718835633541002,0.11321147483965853,0.4587523525688688,0.2365878112913419,0.01960083170752582,0.0583387314415928,-0.010534522587250354,0.0069732386341022565,0.05241939054382495,0.04658496557456793,0.01384369006080915,0.052196450240354665,0.03995187080103977,0.03650079050267788,0.033136064154304645,0.002750288339054958,0.01287375955640918,-0.0021310408204339637,0.0034727027022525675,-0.00763373496958836,0.0038367003594483363,0.02300980822519438,0.023939548541652294,-0.023191639455680205,-0.0006256940560192098,0.011929749136177047,0.010766472799856847,0.25942386393127204,,0.017934427427289186,0.0109196179532463,0.2718361840058119,0.4297451240840913,0.4408318174110108,,0.00843346207033206,0.01958409369569889,-0.4587523525688688,-0.2532039971122035,0.03714135999288118,0.0677313375081669,0.017608082715713888,0.026604485914542744,,,,0.2760876305350342,-0.037103104069081315,0.19168288946946052,0.705484854785297,0.6981173905439823,1.0
