factor,category,direction_declared,direction_empirical,IC_research,RankIC_research,ICIR_research,IC_pos_ratio_research,decay_20d,Q5_Q1,ls_sharpe,turnover,coverage,regime_up_ic,regime_down_ic,n_dates,RankIC_test,ICIR_test,IC_pos_ratio_test
reversal_20,reversal,positive,positive,0.061543523315282456,0.061543523315282456,0.5169998824077855,0.7083333333333334,0.061543523315282456,0.013371470229963434,1.0217572747813057,0.8095403422109531,0.999010781306122,0.0779893357902206,0.03851938585036905,48,0.07181149231649353,0.595245225130046,0.75
roe,quality,positive,positive,0.0853303645027165,0.0853303645027165,0.47366845573146227,0.6666666666666666,0.0853303645027165,0.013662468267916986,0.7607945303826491,0.07793563534275605,0.01931920556317751,0.0852143075131559,0.08550444998705739,48,-0.016537321060425464,-0.11886013470026498,0.4583333333333333
news_importance_5d,news,neutral,positive,0.02157195548539943,0.02157195548539943,0.34795469695380965,0.6458333333333334,0.02157195548539943,0.007826121768022278,0.9457766337356692,0.6866681265945613,0.40057468895549103,0.03786676213385189,-0.001240773822434018,48,0.0169806491765491,0.37504146198405397,0.7083333333333334
gross_margin,quality,positive,positive,0.07258975446922881,0.07258975446922881,0.33651008579069186,0.6222222222222222,0.07258975446922881,0.0005299810324535637,-0.16209355540743223,0.07638081054747725,0.016846158828482432,0.04790850854049756,0.10961162336232565,48,-0.05095522222983909,-0.3015177886328999,0.4166666666666667
net_margin,quality,positive,positive,0.0508564911520235,0.0508564911520235,0.32499625784238695,0.6304347826086957,0.0508564911520235,0.0007128420673614355,0.01121634831350681,0.06431270588907334,0.02284624126337359,0.029230801689337685,0.08158773407268229,48,-0.018591480935114903,-0.10512798928424723,0.5
announcement_attention_5d,news,neutral,positive,0.01998794708815604,0.01998794708815604,0.3205278698174454,0.6041666666666666,0.01998794708815604,0.005909207299989117,0.7497767478728635,0.7424710622842157,0.20116468724791117,0.033540514240027325,0.001014353075536247,48,0.014818749129538894,0.28750018925899384,0.6666666666666666
news_attention_5d,news,neutral,positive,0.01998794708815604,0.01998794708815604,0.3205278698174454,0.6041666666666666,0.01998794708815604,0.005909207299989117,0.7497767478728635,0.7424710622842157,0.20116468724791117,0.033540514240027325,0.001014353075536247,48,0.014818749129538894,0.28750018925899384,0.6666666666666666
news_novelty_5d,news,neutral,positive,0.01847445442515629,0.01847445442515629,0.30542904558929057,0.6041666666666666,0.01847445442515629,0.006221722664315502,0.7938711721726696,0.6910143636862708,0.40057468895549103,0.03144473323312823,0.00031606409399558347,48,0.021466491168177018,0.4977187476807779,0.75
amihud_20,liquidity,positive,positive,0.039037919854606466,0.039037919854606466,0.28320982045897425,0.5208333333333334,0.039037919854606466,0.009698449436670932,0.8141750410819214,0.3164321371786697,1.0,0.06603084735222628,0.0012478213579387152,48,0.04281652318763094,0.23272005015867472,0.625
kurtosis_60,microstructure,neutral,positive,0.02356681074338445,0.02356681074338445,0.2831821068192559,0.5625,0.02356681074338445,0.0022606403467058454,0.36201953730750847,0.5460563832094352,0.9999587825544217,0.018995152381134518,0.02996713245053435,48,0.02081790946194911,0.21987174396669842,0.625
roa,quality,positive,positive,0.04720508047118027,0.04720508047118027,0.27275180952332895,0.6304347826086957,0.04720508047118027,0.006924419000469069,0.3828424130093627,0.08647166091180547,0.023040552078242488,0.03736110460525316,0.06119388828065561,48,-0.03189548577211479,-0.1786796805739803,0.375
novel_news_count_5d,news,neutral,positive,0.014661643741118701,0.014661643741118701,0.2618566820499456,0.5208333333333334,0.014661643741118701,0.002628817434874453,0.37331798367283275,0.5730463484204151,0.40057468895549103,0.021613387436113712,0.004929202568125674,48,0.011541767181578665,0.3319172099457594,0.5833333333333334
ocf_to_assets,cash_flow,positive,positive,0.034291170344019135,0.034291170344019135,0.22754666008537108,0.6304347826086957,0.034291170344019135,0.0053249225907419295,0.2583424405708251,0.08931065824075202,0.022569495557348187,0.0388942630928697,0.027749933279863064,48,-0.012607433510219897,-0.08748822758322944,0.4583333333333333
buyback_event_count_20d,news,positive,positive,0.007208124389157539,0.007208124389157539,0.20710244122896002,0.5416666666666666,0.007208124389157539,0.001470162308340471,0.18643339520432645,0.04301910472735071,0.40057468895549103,0.007221910926483577,0.00718882323690109,48,0.0007745975415580614,0.017036200156168614,0.4583333333333333
reversal_5,reversal,positive,positive,0.020564792191035852,0.020564792191035852,0.19457224586068542,0.5208333333333334,0.020564792191035852,0.005597670128419117,0.36511065271039644,0.8004860842354219,1.0,0.04094862197946216,-0.007972569512760978,48,0.011167889891308133,0.12191514185473211,0.5416666666666666
news_attention_1d,news,neutral,positive,0.009867538936354009,0.009867538936354009,0.19454166143720653,0.5625,0.009867538936354009,0.0020474731716448127,0.26393628622014836,0.41664002487608964,0.20116468724791117,0.013121972871351806,0.0053113314273571,48,0.0022831718987804997,0.046689542354356274,0.4166666666666667
revenue_growth,growth,positive,positive,0.028576663384393696,0.028576663384393696,0.19046109740110712,0.6304347826086957,0.028576663384393696,0.0029651518827399546,0.21568358281016098,0.11913906243602934,0.023535161425181503,0.04802097050069013,0.0009452795875513905,48,0.026288950179017168,0.18678969738772214,0.5416666666666666
news_count_1d,news,neutral,positive,0.010133544407714414,0.010133544407714414,0.18475843048769777,0.5416666666666666,0.010133544407714414,0.002144612680834815,0.2707796039557943,0.3704260005319632,0.40057468895549103,0.014553502123028167,0.00394560360627516,48,0.008720423635710454,0.19217895031236504,0.4166666666666667
announcement_count_5d,news,neutral,positive,0.012262771995052707,0.012262771995052707,0.18220723971684114,0.5208333333333334,0.012262771995052707,0.005286003508486708,0.602608679698082,0.49409671487400253,0.40057468895549103,0.03160210112191407,-0.014812288782553201,48,0.02129221175263869,0.48229705107663895,0.7083333333333334
news_count_5d,news,neutral,positive,0.012262771995052707,0.012262771995052707,0.18220723971684114,0.5208333333333334,0.012262771995052707,0.005286003508486708,0.602608679698082,0.49409671487400253,0.40057468895549103,0.03160210112191407,-0.014812288782553201,48,0.02129221175263869,0.48229705107663895,0.7083333333333334
negative_news_count_5d,news,negative,positive,0.007693902098786208,0.007693902098786208,0.15209690290138922,0.5208333333333334,0.007693902098786208,0.0025063832421840216,0.28415738684885256,0.1679822494093416,0.40057468895549103,0.006035239172598554,0.010016030195448927,48,0.007380635746442235,0.21853976278845588,0.5
news_count_20d,news,neutral,positive,0.009965176333807294,0.009965176333807294,0.13787652072009024,0.5,0.009965176333807294,0.006063009029965656,0.5446262154065372,0.30775752329270467,0.40057468895549103,0.02899887267633424,-0.01668199854573044,48,0.021693755435891516,0.42067938890614026,0.625
announcement_count_20d,news,neutral,positive,0.009965176333807294,0.009965176333807294,0.13787652072009024,0.5,0.009965176333807294,0.006063009029965656,0.5446262154065372,0.30775752329270467,0.40057468895549103,0.02899887267633424,-0.01668199854573044,48,0.021693755435891516,0.42067938890614026,0.625
major_event_count_20d,news,neutral,positive,0.008116582777247494,0.008116582777247494,0.11502561319250901,0.4375,0.008116582777247494,0.0036779425921964937,0.3977355061459973,0.41835574085369964,0.40057468895549103,0.026063487856729257,-0.017009084334026977,48,0.03741709347337794,0.7007926562845944,0.7083333333333334
news_attention_20d,news,neutral,positive,0.006165684366379001,0.006165684366379001,0.09697236574417997,0.5416666666666666,0.006165684366379001,0.0035174008687122497,0.3775629552707324,0.7423495089459864,0.20116468724791117,0.015209721627143975,-0.006495967798691963,48,0.0032737086231476725,0.047937676670967676,0.5
earnings_yield,valuation,positive,positive,0.02131527204062227,0.02131527204062227,0.08888130430268851,0.5111111111111111,0.02131527204062227,-0.010386187848982507,-0.6651755707549791,0.11670784553137481,0.019784373877560633,-0.01379622268158484,0.07398251412393292,48,0.0044509435128534764,0.016810528708494206,0.4583333333333333
overnight_return_20,microstructure,neutral,positive,0.008833256339176145,0.008833256339176145,0.08731788205179832,0.5416666666666666,0.008833256339176145,0.0036008169442155236,0.3930433398303353,0.07174388010100008,1.0,0.021389445452065177,-0.008745408418868502,48,0.018663978502298114,0.17871397025827573,0.5
news_sentiment_1d,news,positive,positive,0.0028697588563744397,0.0028697588563744397,0.08513443312445676,0.5416666666666666,0.0028697588563744397,0.0010511920773947263,0.13174003386269123,0.048424446112457775,0.40057468895549103,0.006007927677022633,-0.0021143916234785723,48,-0.004687439462870629,-0.13163259943844047,0.5217391304347826
overnight_intraday_ratio_20,microstructure,neutral,positive,0.008599045924637897,0.008599045924637897,0.0849719820087236,0.5416666666666666,0.008599045924637897,0.0036275979369208276,0.39455490227669654,0.07193030416402246,1.0,0.02111836275652179,-0.008927997639999564,48,0.018458443946524582,0.1767162092883261,0.5
gap_count_20,microstructure,neutral,positive,0.0017333407060603316,0.0017333407060603316,0.08264118180886705,0.5208333333333334,0.0017333407060603316,0.0008898630606598417,0.10413411168156576,0.007421886323374816,1.0,0.004571334576106346,-0.0022398507120040896,48,0.007417761617986659,0.34937101193054315,0.5416666666666666
net_profit_growth,growth,positive,positive,0.008382084847304284,0.008382084847304284,0.06093468953756908,0.5,0.008382084847304284,-0.0030428093268003017,-0.25431043661853003,0.1051310302761822,0.02232219088387868,0.01201923494657937,0.003213503127281794,48,-0.00019444838375325818,-0.0017447899213321966,0.4166666666666667
earnings_event_count_60d,news,neutral,positive,0.003998950101645579,0.003998950101645579,0.05842718129757792,0.4791666666666667,0.003998950101645579,0.0049142163177282525,0.5541506970701555,0.48777116336106285,0.40057468895549103,0.021844113111999346,-0.02098427811284969,48,0.025690289542371025,0.4569699038904595,0.6666666666666666
event_shock,news,neutral,positive,0.002173536876424952,0.002173536876424952,0.03829081446236701,0.5208333333333334,0.002173536876424952,0.0011782245215943617,0.0823462314739962,0.20574700823780312,0.014231795137519062,0.01344502199383779,-0.013606542287953022,48,0.0255374659050072,0.511346135283213,0.6666666666666666
news_risk_20d,news,negative,positive,0.0013900832672662227,0.0013900832672662227,0.019652485382973633,0.5,0.0013900832672662227,0.0027891191054212894,0.306130382940421,0.15068594669307345,0.40057468895549103,0.005615907893238595,-0.0045260712090950984,48,0.014626677803374033,0.23770917966240368,0.5
regulatory_event_count_20d,news,negative,positive,0.00047007974773817377,0.00047007974773817377,0.011540352491454887,0.5,0.00047007974773817377,0.0009798364075869301,0.10740962701484234,0.08362767487793343,0.40057468895549103,0.0033410819816794527,-0.0038364236031737473,48,0.011752997973732561,0.30507789815528774,0.5
positive_news_count_5d,news,positive,negative,-0.0014371185141025264,-0.0014371185141025264,-0.02608236105421183,0.4583333333333333,-0.0014371185141025264,0.0012360191730113725,0.13855395551102573,0.11805193706345896,0.40057468895549103,-0.003250195159833069,0.001101188789920236,48,0.010906829561625338,0.197421535943677,0.625
high_52w_proximity,price_position,positive,negative,-0.007777607425703578,-0.007777607425703578,-0.051585799298236236,0.5,-0.007777607425703578,-0.0029915871055069816,-0.2942482023622751,0.4045922796579121,0.9968498095165194,-0.051435852708732965,0.05334393597053755,48,-0.03882099333472525,-0.26867236729553184,0.4583333333333333
news_positive_negative_ratio,news,positive,negative,-0.0036653129172283683,-0.0036653129172283683,-0.05169999434471888,0.4375,-0.0036653129172283683,0.0010952336684741874,0.06900840215407392,0.19265165658715566,0.40057468895549103,-0.010069430142198748,0.005300451197730158,48,0.008634029057486833,0.1620436295904673,0.5833333333333334
shareholder_change_count_20d,news,neutral,negative,-0.0034131308387157166,-0.0034131308387157166,-0.07165584621853682,0.5416666666666666,-0.0034131308387157166,0.0003092833202883733,0.01309791131000401,0.15057934406982898,0.40057468895549103,-0.015450844570589716,0.01343966838590788,48,0.00021251373894197933,0.007305667823089744,0.4583333333333333
operating_cash_flow,cash_flow,neutral,negative,-0.015272677151680417,-0.015272677151680417,-0.07759574756252999,0.4782608695652174,-0.015272677151680417,-0.011972707216175283,-0.8232679653457076,0.08512718762718774,0.023181869034510777,-0.0393143132359186,0.018891753073289632,48,-0.040493861853277115,-0.15191863019121507,0.4583333333333333
intraday_return_20,microstructure,neutral,negative,-0.009334944455774201,-0.009334944455774201,-0.09235751298028241,0.4583333333333333,-0.009334944455774201,-0.0037204831192394292,-0.4854511123022725,0.06657270944580818,1.0,-0.021921640358089724,0.00828642980746753,48,-0.01915043093157009,-0.18334530746516892,0.4583333333333333
news_sentiment_weighted,news,positive,negative,-0.007786625640284768,-0.007786625640284768,-0.11018714455634816,0.4583333333333333,-0.007786625640284768,-0.00025997984330366374,-0.11565803335037417,0.1945832183227555,0.40057468895549103,-0.021538857748681684,0.01146649931147092,48,-0.0025302074191124184,-0.03737649283343047,0.625
news_sentiment_20d,news,positive,negative,-0.009147952624215687,-0.009147952624215687,-0.1317398368505407,0.3958333333333333,-0.009147952624215687,-9.972966305098398e-05,-0.0947980053567941,0.19592703292284808,0.40057468895549103,-0.019158141618067826,0.0048663119671772965,48,0.015563098776138333,0.24424274613910207,0.625
news_sentiment_5d,news,positive,negative,-0.008524818344027062,-0.008524818344027062,-0.13991921651777742,0.5208333333333334,-0.008524818344027062,0.00028324136689071984,0.020723051790680777,0.14284546412019727,0.40057468895549103,-0.006721037298848478,-0.011050111807277083,48,0.007264835135661943,0.11751790775537306,0.6666666666666666
debt_to_asset,quality,negative,negative,-0.017871253549048626,-0.017871253549048626,-0.15061760546731498,0.43478260869565216,-0.017871253549048626,-0.0058899719145114595,-0.5333110522499018,0.0669365228472556,0.023287856751711997,-0.025077130535999494,-0.007631323093907922,48,0.027581153899559386,0.170590821482963,0.7083333333333334
pe,valuation,negative,negative,-0.0353239815570193,-0.0353239815570193,-0.15633464190966398,0.4444444444444444,-0.0353239815570193,0.004622226318425909,0.21372229676443782,0.1926525796185239,0.019784373877560633,-0.005562779282266457,-0.07996578496914857,48,-0.0004155804094919252,-0.0017514679225005606,0.5416666666666666
event_sentiment_shock,news,positive,negative,-0.012614530689297078,-0.012614530689297078,-0.1802556987311955,0.4791666666666667,-0.012614530689297078,-0.0010558544362970323,-0.1087083852216341,0.3072041057899494,0.40057468895549103,-0.010190758379916282,-0.0160078119224302,48,-0.011619938001201391,-0.17861270476208504,0.4166666666666667
amount_share_20,liquidity,neutral,negative,-0.01292604569398093,-0.01292604569398093,-0.19212775094350154,0.4166666666666667,-0.01292604569398093,-0.0009313322466140854,-0.11748198258683172,0.8211298335657039,1.0,-0.028068671047545825,0.008273629801009924,48,-0.04103770668457815,-0.5836687196023514,0.25
ocf_to_net_profit,cash_flow,positive,negative,-0.029514155009856286,-0.029514155009856286,-0.21105722015170125,0.34782608695652173,-0.029514155009856286,-0.005908912276899563,-0.58057624533697,0.10855207481446993,0.022928676154530092,-0.015331982086337988,-0.04966776916432967,48,0.012858915087668078,0.12943044713510374,0.5416666666666666
momentum_120,momentum,positive,negative,-0.03260451325462652,-0.03260451325462652,-0.21669741999448308,0.4375,-0.03260451325462652,-0.003966144737958603,-0.3842133908037233,0.432937467096967,0.9839369726375043,-0.0564296679616989,0.0007507033352747924,48,-0.07487362691696477,-0.5679654752666606,0.2916666666666667
limit_down_count_20,microstructure,negative,negative,-0.01882811350656235,-0.01882811350656235,-0.24101116505799475,0.25,-0.01882811350656235,0.0014858704949700311,0.11335756750644549,0.3606904452575054,1.0,0.0030380437089698093,-0.04944073360830738,48,-0.028758769502914925,-0.3367418447376222,0.2916666666666667
downside_volatility_60,volatility,negative,negative,-0.055016060055843974,-0.055016060055843974,-0.3399478127667014,0.3333333333333333,-0.055016060055843974,-0.001440401075530633,-0.2380949428879727,0.3737048027734141,1.0,-0.0032686960467923987,-0.12746236966851618,48,-0.02949215694261018,-0.1435794575332791,0.4166666666666667
price_vs_ma20,price_position,positive,negative,-0.04021081904867239,-0.04021081904867239,-0.35790451179844074,0.3333333333333333,-0.04021081904867239,-0.008734105025796511,-0.6860566675556415,0.7975890599981421,1.0,-0.06421315780784821,-0.006607544785826244,48,-0.047182489855565696,-0.439303873712425,0.2916666666666667
volume_ratio_5_20,volume,neutral,negative,-0.02632282463653171,-0.02632282463653171,-0.36683896948671674,0.3541666666666667,-0.02632282463653171,-0.004599515917764224,-0.6775402531689265,0.8415684722978383,1.0,-0.03205620895059857,-0.01829608659683811,48,-0.03676589644457292,-0.5424628234698147,0.25
price_vs_ma120,price_position,positive,negative,-0.05305001089238537,-0.05305001089238537,-0.37723209177564804,0.3541666666666667,-0.05305001089238537,-0.00833382286729941,-0.6305983276295196,0.49756208023551474,0.923812495951858,-0.07812752836170431,-0.017941486435338858,48,-0.07039798611180335,-0.5144305904009789,0.25
amount_60,liquidity,neutral,negative,-0.054269698801584054,-0.054269698801584054,-0.37982680256511087,0.3333333333333333,-0.054269698801584054,-0.009185978236141016,-0.7963294250868076,0.2141021152092344,0.9691929035335127,-0.06058403201730954,-0.04542963229956839,48,-0.05597617965907839,-0.276595300808479,0.375
volatility_60,volatility,negative,negative,-0.0692325961795744,-0.0692325961795744,-0.4394790611033989,0.3125,-0.0692325961795744,-0.004007756565850513,-0.3935526717036312,0.36769350694962344,0.9685334244042607,-0.026605776550742383,-0.12891014365993927,48,-0.05446940685533865,-0.2713328898134071,0.375
amount_20,liquidity,neutral,negative,-0.06756479568506492,-0.06756479568506492,-0.44774910852787747,0.3125,-0.06756479568506492,-0.011267820784363738,-0.8868274521193007,0.3377605956214593,1.0,-0.07367423297299824,-0.059011583481958244,48,-0.0684376954936446,-0.34866783575965143,0.3333333333333333
price_vs_ma60,price_position,positive,negative,-0.06517018675999157,-0.06517018675999157,-0.45468108755140024,0.3333333333333333,-0.06517018675999157,-0.012684274544933616,-0.8610610346208004,0.6303491247415116,0.9691929035335127,-0.09320337359631772,-0.025923725189134956,48,-0.07394866164694659,-0.5626174393749874,0.25
momentum_60,momentum,positive,negative,-0.059610225638666574,-0.059610225638666574,-0.46533801495705773,0.3541666666666667,-0.059610225638666574,-0.010747714371280229,-0.8414684700037726,0.553918357868523,0.9912265722983437,-0.07820499238060298,-0.03357755219995561,48,-0.0714596164458115,-0.5606705938786182,0.16666666666666666
volume_ratio_20_60,volume,neutral,negative,-0.04657773256634291,-0.04657773256634291,-0.4804693601926238,0.25,-0.04657773256634291,-0.008019697764423081,-0.8316794500176994,0.7648910871159167,0.9691929035335127,-0.05208428796904823,-0.03886855500255547,48,-0.05262497550015562,-0.6002208641200761,0.2916666666666667
volatility_20,volatility,negative,negative,-0.0743520845523354,-0.0743520845523354,-0.48240154711722755,0.2708333333333333,-0.0743520845523354,-0.004423781055946961,-0.4136997124167939,0.6187994821152057,0.999010781306122,-0.03379327519984447,-0.1311344176458227,48,-0.07226378759849839,-0.3927089815002745,0.375
parkinson_vol_20,volatility,neutral,negative,-0.07986129776613596,-0.07986129776613596,-0.4958571057725129,0.2708333333333333,-0.07986129776613596,-0.0047248022833702805,-0.4313772281005064,0.558731684629227,1.0,-0.037371335941909285,-0.13934724432005333,48,-0.07026535232306082,-0.36840560646652526,0.375
skewness_60,microstructure,negative,negative,-0.03255921477588156,-0.03255921477588156,-0.5015149349283128,0.3333333333333333,-0.03255921477588156,-0.004621520684333267,-0.8321648561459792,0.5406103400562625,0.9999587825544217,-0.03729107959825877,-0.02593460402455347,48,-0.04727933839694135,-0.45292226872841523,0.3333333333333333
volume_price_corr_20,volume,neutral,negative,-0.031988794774063106,-0.031988794774063106,-0.5130861495991561,0.2916666666666667,-0.031988794774063106,-0.005083077868944346,-0.8157506979404295,0.7879046880568153,1.0,-0.03907155364900055,-0.022072932349150698,48,-0.008558864385991667,-0.11565020547117724,0.5416666666666666
momentum_20,momentum,positive,negative,-0.061542686491857124,-0.061542686491857124,-0.516996655368335,0.2916666666666667,-0.061542686491857124,-0.013347311737126036,-1.0244162563580697,0.790526439399721,0.999010781306122,-0.077989066191657,-0.038517754912137304,48,-0.07181177100696724,-0.5952462222729823,0.25
volume_trend_5_60,volume,neutral,negative,-0.04726137371003919,-0.04726137371003919,-0.543345814126244,0.25,-0.04726137371003919,-0.00848223929447412,-0.9988619863657269,0.7810619939765714,0.9984926191331382,-0.0542865813508393,-0.037426083012919026,48,-0.059684857876423913,-0.6652706256871025,0.25
max_return_20,microstructure,negative,negative,-0.08067596087644704,-0.08067596087644704,-0.6098726066678737,0.25,-0.08067596087644704,-0.007854973089829341,-0.6637895920085312,0.6827408856436783,1.0,-0.051575332810085674,-0.12141684016935297,48,-0.07574848515691553,-0.49200123543754604,0.375
limit_up_count_20,microstructure,neutral,negative,-0.07368557328377313,-0.07368557328377313,-0.906242841884908,0.1875,-0.07368557328377313,-0.007624603108570671,-0.8695640611987989,0.5220587500178175,1.0,-0.05808314908552881,-0.0955289671613152,48,-0.07726622360630783,-0.830507948588208,0.25
llm_confidence_20d,news,neutral,neutral,,,,,,,,,0.0,,,48,,,
pb,valuation,negative,neutral,,,,,,,,0.17407407407407416,0.003061867385812955,,,48,,,
ps,valuation,negative,neutral,,,,,,,,0.0888888888888889,0.0017605737468424493,,,48,,,
turnover_20,liquidity,negative,neutral,,,,,,,,0.0,0.0017605737468424493,,,48,,,
turnover_60,liquidity,negative,neutral,,,,,,,,0.0,0.0017605737468424493,,,48,,,
turnover_volatility_20,liquidity,neutral,neutral,,,,,,,,,0.0,,,48,,,
